ID,chat.prob,chat.bin,yhat
1327,0.999886842,1,13.99270234
1586,0.999684739,1,12.96946181
173,0.999556361,1,13.95380411
1344,0.999548569,1,14.71518725
257,0.999494733,1,16.67082561
314,0.999201865,1,14.94462504
543,0.99915691,1,13.44789003
261,0.999004826,1,15.79233299
391,0.998970367,1,13.84791005
806,0.998918255,1,14.35061791
1038,0.99887237,1,13.40155835
1646,0.998748325,1,18.7354866
1296,0.998590479,1,14.47459535
1778,0.998560003,1,13.35312455
1282,0.998301062,1,16.14459734
1124,0.998285762,1,14.65914024
1986,0.998207002,1,13.03830114
531,0.997729039,1,14.61449654
1514,0.997675278,1,13.77916471
1974,0.997476706,1,15.87154024
1155,0.997179859,1,13.28669154
1403,0.996964068,1,12.39189059
656,0.996778818,1,16.65007905
1642,0.99670881,1,13.28684689
62,0.996039873,1,12.62371873
493,0.995571111,1,18.91660828
1054,0.99548724,1,13.85140074
1662,0.995307051,1,15.20649201
496,0.995245446,1,14.42272183
733,0.995201032,1,18.24731178
1828,0.994974231,1,16.68204741
542,0.99481381,1,17.0132384
1096,0.994755858,1,15.06818412
1790,0.994741719,1,12.1144191
1891,0.994221776,1,12.35368396
20,0.994218799,1,13.07623355
418,0.994161365,1,14.63251683
1903,0.993401286,1,13.85710381
128,0.993358595,1,16.12238658
926,0.993049999,1,13.02950801
710,0.992911658,1,15.15228474
901,0.992897783,1,15.24344728
1508,0.992817858,1,13.38237411
1870,0.992798832,1,15.07961685
1596,0.992325257,1,15.27537023
1430,0.991623984,1,15.26291534
1591,0.991616912,1,16.54630848
1048,0.990805456,1,13.93665336
849,0.990731136,1,12.02503924
1809,0.990615816,1,13.63299654
634,0.989928529,1,14.08410311
239,0.988933006,1,15.53336985
315,0.988479752,1,16.15218532
913,0.988467927,1,14.94829693
1058,0.988392904,1,13.09024313
6,0.988131321,1,16.18352928
134,0.986885737,1,13.90487507
839,0.986341604,1,15.40875172
1455,0.98632343,1,13.02200811
1704,0.986218362,1,16.00503396
207,0.986152124,1,15.40202656
889,0.985916873,1,16.04117982
628,0.985900567,1,15.23360713
1812,0.985894217,1,12.42913254
1517,0.985451192,1,17.09070422
1533,0.984598734,1,15.29096364
1698,0.984592923,1,11.53518118
699,0.984250905,1,14.55645947
1941,0.983885746,1,14.54780444
161,0.983057532,1,15.21330155
1822,0.982724289,1,16.3776625
485,0.982591733,1,16.08112779
1399,0.982412746,1,14.53259606
165,0.982337055,1,13.44745554
1183,0.981852891,1,16.18909852
1294,0.980927763,1,12.97187258
1680,0.97997851,1,12.656359
1613,0.979740667,1,16.4734971
2006,0.979731177,1,11.38507764
1446,0.979266909,1,12.63364914
58,0.979241792,1,13.07976584
1934,0.97746605,1,15.44104412
552,0.977256176,1,14.19182612
1329,0.977230011,1,14.86362616
347,0.976424627,1,12.99086577
903,0.974657047,1,14.36700462
1529,0.973400983,1,13.14115935
1207,0.972642848,1,14.49045352
1303,0.971980157,1,15.17689797
1522,0.971098769,1,13.38510905
1990,0.971096433,1,16.17801303
932,0.970466764,1,16.87180939
1300,0.970424485,1,17.03947192
1932,0.969229619,1,15.4714134
1565,0.968949719,1,18.53361161
729,0.967995894,1,15.69228965
1820,0.967439697,1,15.75681988
74,0.96736332,1,17.20768206
1322,0.966235026,1,13.06227438
1301,0.965708638,1,15.45988631
1107,0.964629027,1,13.34002647
1929,0.964472422,1,18.05878296
882,0.964431301,1,15.52326743
1262,0.964229125,1,15.90286659
1109,0.962787003,1,14.00598723
1864,0.962534256,1,13.37090643
1025,0.960472085,1,15.29020901
853,0.960424085,1,13.30703664
1500,0.959897577,1,15.16561107
219,0.959700947,1,16.10978611
816,0.959433132,1,13.13357805
114,0.959194291,1,13.15331454
1600,0.955312508,1,14.21742478
638,0.955023455,1,14.98840856
1198,0.954559867,1,13.27677582
1567,0.954377582,1,12.9105693
212,0.950984966,1,13.01033896
704,0.949274552,1,14.16851323
1392,0.949211152,1,15.6716463
1418,0.947036588,1,14.91773374
481,0.94607368,1,15.37415562
1200,0.945112713,1,13.55055257
1228,0.941181625,1,14.18963314
800,0.940330709,1,15.21123244
709,0.939846286,1,14.08042108
1083,0.939420704,1,15.01656617
394,0.938912585,1,15.64148182
617,0.938596372,1,12.65267237
1712,0.937449292,1,11.68038934
397,0.93584941,1,13.10730829
163,0.933329865,1,17.08983401
639,0.932987359,1,16.17531438
299,0.932950599,1,14.16672335
1880,0.932497233,1,14.84842349
1188,0.932410634,1,14.6350129
719,0.931926778,1,14.16233568
26,0.931889259,1,13.83283699
1571,0.931808932,1,14.24720026
1692,0.931554921,1,15.01920882
71,0.930960949,1,17.892344
1126,0.930678076,1,13.41805924
183,0.929483523,1,14.14945669
1917,0.929250916,1,13.35452523
706,0.928949393,1,14.10416677
948,0.928656207,1,14.70038715
695,0.927978994,1,16.12128572
61,0.927497274,1,13.17894517
1877,0.921374971,1,14.38159272
1557,0.920935941,1,12.50825133
1897,0.920554834,1,16.51055644
320,0.920117867,1,15.4325856
198,0.920080778,1,14.00599375
1881,0.919177457,1,14.09269578
1532,0.918998645,1,14.51604207
605,0.918527313,1,13.81897983
19,0.913741661,1,14.21934282
399,0.913173576,1,13.18424183
181,0.90705785,1,13.82261782
461,0.906490429,1,13.54633997
1227,0.906132181,1,14.76036836
1724,0.904621662,1,13.97837463
459,0.904373601,1,13.04290396
1401,0.903837491,1,16.43158572
1702,0.903154683,1,16.88549005
1010,0.902397936,1,14.02292461
820,0.898758427,1,13.24404591
580,0.897898223,1,15.57284237
997,0.897893254,1,11.78704124
1180,0.897834063,1,16.08463382
1423,0.894197021,1,15.05432966
1999,0.893380321,1,14.94158846
673,0.893043452,1,14.75265153
1336,0.892328287,1,13.27753313
910,0.891420267,1,16.15754338
846,0.888457491,1,14.34025483
1436,0.885871211,1,11.65166436
568,0.884416724,1,11.46383591
648,0.883248436,1,12.8497938
1331,0.879364573,1,12.34044946
1224,0.878971131,1,12.34491417
278,0.878580513,1,15.48831107
424,0.8780891,1,14.81392353
1456,0.875330559,1,14.02443167
194,0.874605296,1,13.5137309
1780,0.873965818,1,14.57242911
1354,0.871877099,1,12.03563662
1733,0.871870301,1,16.29072861
353,0.871667846,1,16.12151911
425,0.871382357,1,16.29722639
1872,0.871266474,1,14.10344155
809,0.869165506,1,15.04762804
102,0.868903035,1,19.54710882
1435,0.868807554,1,15.11563084
1309,0.867345106,1,13.52859781
1834,0.864746523,1,14.43124431
1504,0.862541478,1,15.72834403
1242,0.861685221,1,14.8645752
735,0.861582564,1,13.05169853
392,0.859975961,1,14.45487489
515,0.859242109,1,13.02820745
127,0.858844462,1,13.87598456
547,0.858101308,1,15.74612609
1484,0.856683772,1,13.15456305
266,0.855357569,1,12.9546114
951,0.853548398,1,16.97052547
904,0.852247083,1,15.79473868
1657,0.850677659,1,13.92626673
1284,0.849787608,1,12.71526547
271,0.848170582,1,13.76095595
422,0.84754232,1,15.32399483
454,0.846922715,1,14.31473206
1588,0.840996893,1,11.96298536
30,0.840695891,1,11.28335899
1288,0.840140591,1,13.817178
1330,0.839591159,1,15.56314957
1494,0.838071659,1,15.24386709
560,0.833062618,1,15.93004252
309,0.832871146,1,12.56631622
536,0.831625149,1,15.10269373
855,0.827445697,1,12.78745315
1803,0.824375914,1,15.74787706
1545,0.824146435,1,12.28087886
610,0.823956829,1,17.36144108
1730,0.821065827,1,14.09976999
1651,0.821055145,1,15.30761418
600,0.819879977,1,12.55432826
1342,0.819566138,1,14.25241439
1829,0.819100712,1,15.88851487
933,0.810482396,1,12.56602001
1341,0.809161461,1,11.26817652
1951,0.806211868,1,11.20194488
1841,0.803983952,1,14.64941872
1181,0.800773272,1,13.1393
871,0.798927512,1,12.94987211
1560,0.798099368,1,12.58688688
402,0.796957581,1,15.0499553
1145,0.79644758,1,12.14195744
1616,0.793752605,1,15.98787949
1535,0.793245289,1,13.29974015
1900,0.793120183,1,13.77666347
1149,0.791865248,1,13.5242728
743,0.78822265,1,12.92496149
1561,0.786951352,1,15.89514027
778,0.785988574,1,12.80619505
289,0.785924559,1,12.56241515
2,0.785844268,1,14.26692012
1653,0.784878871,1,11.56828537
277,0.783936737,1,13.52616017
1949,0.783257628,1,13.17612273
1921,0.782862992,1,11.94085071
185,0.778437933,1,10.36805405
460,0.777223166,1,13.94018187
689,0.777010323,1,16.10894472
143,0.774175255,1,15.14306157
14,0.772588301,1,14.27380781
629,0.76917897,1,15.9073218
1287,0.769016189,1,15.88711279
99,0.767252448,1,16.57856595
1947,0.766548565,1,14.06669056
308,0.764397308,1,15.33982626
773,0.762501084,1,14.10624856
1548,0.760832328,1,13.91171784
1120,0.760095619,1,14.39118254
1660,0.757922093,1,14.49527674
1648,0.75365514,1,15.4453531
1318,0.747469812,1,14.70759443
448,0.745257774,1,15.55374719
175,0.743101426,1,14.33892231
1032,0.740934479,1,12.74135674
540,0.737643994,1,14.4414577
1981,0.736490016,1,15.51543321
1105,0.73552748,1,14.9006351
1716,0.735046953,1,13.6952769
873,0.733768796,1,12.53647974
473,0.730837851,1,15.18356422
796,0.730061185,1,12.663297
1743,0.72998101,1,13.24841376
170,0.728311766,1,12.06207441
1503,0.727337119,1,10.35424159
1753,0.727065766,1,14.99771291
1353,0.726127977,1,11.38125699
1634,0.725154009,1,15.89969249
999,0.725069064,1,16.81124696
1962,0.724518216,1,9.850930473
1965,0.722760778,1,13.0048627
1850,0.71997424,1,14.35073188
381,0.719599001,1,12.16763265
1272,0.713080987,1,13.73873291
618,0.708931154,1,14.82468611
1016,0.708723177,1,14.72424331
1061,0.708621748,1,13.15862735
1193,0.708201008,1,13.48911678
467,0.705668892,1,12.33278455
57,0.704996565,1,10.64620299
1928,0.704482802,1,14.45035051
1958,0.704250164,1,13.64232632
1604,0.703801363,1,14.18157023
78,0.703706659,1,15.38247685
242,0.701001517,1,13.36777332
1988,0.700154839,1,13.07254341
101,0.700148139,1,12.61226087
798,0.696221371,1,13.99725073
265,0.696092106,1,13.11269939
900,0.695095001,1,13.80844478
1496,0.685971698,1,14.79610415
1368,0.685263884,1,13.15712633
1719,0.68512116,1,14.52031686
1009,0.68443976,1,13.29069772
965,0.683828219,1,13.28159434
940,0.681937346,1,15.5589411
1942,0.681305309,1,13.91817335
807,0.67864032,1,13.98489446
758,0.674736391,1,12.7058395
1564,0.673892158,1,15.33061399
401,0.670752614,1,15.86144335
1363,0.669638209,1,13.0567127
1130,0.669066338,1,14.96820311
374,0.66834401,1,15.26282776
535,0.667536587,1,14.29166687
950,0.667129043,1,15.56283162
1734,0.665814213,1,13.51729478
1201,0.661804132,1,16.31183442
1544,0.660084778,1,11.20004979
674,0.658784677,1,14.16018331
7,0.656312411,1,15.83406638
133,0.655357464,1,14.19874966
1406,0.65526212,1,15.0527357
1023,0.652064359,0,13.01306209
1039,0.65097622,0,11.33688491
1930,0.649039636,0,12.63114926
94,0.648645215,0,15.67831679
427,0.646244617,0,15.15335582
514,0.642753301,0,17.59934217
1523,0.641658872,0,11.96121278
1709,0.638695884,0,14.35878841
1184,0.634189119,0,13.47882759
498,0.632320501,0,15.57738598
294,0.632201531,0,15.07704453
504,0.630081078,0,13.61241047
174,0.626700872,0,13.39102606
1015,0.626012842,0,16.5699295
1889,0.624082871,0,12.79297103
745,0.62118425,0,12.9169386
588,0.61975607,0,14.03899348
1383,0.618626214,0,12.16158202
1306,0.615421445,0,14.95897106
1186,0.614321093,0,14.11962729
106,0.61199572,0,16.63809448
1177,0.609743988,0,13.42982867
1135,0.605561219,0,13.91206777
1127,0.604242294,0,14.78321406
1587,0.602489529,0,18.96721858
879,0.601652802,0,12.46587095
150,0.599734112,0,14.48957386
1084,0.596220412,0,15.90840811
236,0.591927146,0,13.22363263
1237,0.591134253,0,17.04148124
661,0.590444047,0,11.79831081
1470,0.590183451,0,13.20267921
1050,0.590031201,0,13.55114781
1115,0.586204115,0,12.79544621
1581,0.584328094,0,13.7016409
429,0.57673609,0,14.06252845
1244,0.575210906,0,11.68249227
658,0.574374156,0,14.79622268
1091,0.572133827,0,15.28337982
1741,0.571467477,0,13.13365593
260,0.563950612,0,12.39821455
1324,0.556170391,0,12.85669325
1766,0.555772574,0,15.52087981
291,0.553657251,0,18.18476861
857,0.552984787,0,14.28740031
1553,0.551042048,0,15.29508428
1871,0.550543943,0,15.48117404
73,0.548426416,0,15.81261213
120,0.545472142,0,11.56098341
210,0.536757332,0,15.67228142
1125,0.532372289,0,11.30228502
1443,0.531226485,0,13.35531166
707,0.53028333,0,13.03775683
1461,0.529967735,0,11.43272374
1240,0.528651538,0,15.66125494
1398,0.525413483,0,13.11973547
914,0.524879981,0,14.45237715
1664,0.52454229,0,14.1177453
794,0.523687648,0,15.51600752
440,0.522010315,0,13.53034811
332,0.521812739,0,11.85823139
659,0.521676486,0,10.43869656
1519,0.519339748,0,14.39818958
1223,0.515717464,0,15.06639292
1873,0.51569215,0,12.94566112
838,0.514855756,0,18.45107621
1323,0.512384,0,16.13360896
742,0.509865421,0,11.82491946
393,0.508248855,0,15.02720198
998,0.503271793,0,11.22515428
683,0.501782036,0,13.15233659
785,0.500952269,0,13.88872194
1374,0.500028513,0,12.55415269
1292,0.497895697,0,13.86580065
38,0.494132139,0,12.60020997
1675,0.49171401,0,13.21438093
1258,0.49134652,0,16.04340861
1261,0.490828911,0,14.22966609
1528,0.489988293,0,15.34547392
715,0.488836583,0,12.86714833
1612,0.488032641,0,14.18109488
1706,0.483916992,0,12.38239672
452,0.480807347,0,12.87669092
279,0.479936806,0,12.7205634
916,0.478100236,0,14.21935261
435,0.478070463,0,13.52639517
229,0.477233968,0,15.68680439
44,0.476728734,0,9.506543895
1347,0.476109067,0,11.97126291
1546,0.475381186,0,13.47035164
1783,0.474941516,0,11.62757876
1063,0.472772909,0,12.31834914
430,0.472575827,0,14.833836
1071,0.47200092,0,14.75960466
680,0.471800872,0,15.40195592
1417,0.470102158,0,17.87319583
1053,0.469721129,0,12.33114819
1488,0.468345712,0,12.71810231
1699,0.468015606,0,14.68220983
1049,0.466713671,0,13.2230279
597,0.466362107,0,13.67428698
644,0.46429176,0,13.4228946
572,0.464124276,0,13.74793696
732,0.463598536,0,18.44373404
362,0.462930497,0,14.26564942
1714,0.462312256,0,13.72084361
757,0.462255974,0,15.05367124
139,0.458234254,0,14.62567905
87,0.456255567,0,13.3723583
851,0.455580561,0,12.86832073
870,0.452181232,0,13.8020548
1,0.451727542,0,15.7232083
307,0.451507172,0,11.93544513
1852,0.451041747,0,13.72326323
1343,0.450651294,0,16.47519769
1570,0.450404119,0,14.33468984
749,0.4490807,0,13.32322264
1907,0.447994609,0,13.82935978
238,0.447350265,0,14.20836713
1381,0.445793085,0,13.73351122
1098,0.445757709,0,13.64180925
465,0.445220484,0,14.02860379
136,0.443062123,0,13.00469686
3,0.442740702,0,16.61558509
405,0.442634224,0,13.52911877
197,0.441275507,0,15.94331762
968,0.438858282,0,13.42801465
1231,0.438734998,0,13.00097977
929,0.436211927,0,12.20571072
2003,0.436114969,0,14.5095859
1075,0.431188062,0,12.73874144
1750,0.42999734,0,12.34178628
1013,0.427404352,0,14.1196922
1575,0.426259809,0,17.66009218
578,0.425915851,0,13.45780403
1156,0.424304247,0,14.94326403
803,0.422761085,0,13.05358383
137,0.422710817,0,13.218365
211,0.420088672,0,11.98575685
1629,0.419913191,0,12.04174801
1959,0.4178472,0,14.65398014
1521,0.417749006,0,15.00087054
1764,0.417695718,0,13.02146053
558,0.417115688,0,11.76481098
13,0.415696832,0,13.12018675
1079,0.413833307,0,15.01842571
502,0.41100959,0,12.91441663
908,0.410040308,0,12.63047537
81,0.406051879,0,15.36588849
1349,0.406006301,0,14.12343375
1106,0.403980209,0,13.77321975
1478,0.402238721,0,13.39523132
1794,0.40200707,0,11.15382103
1550,0.400631527,0,11.63540461
1320,0.39985336,0,13.4590307
255,0.396674082,0,14.49960101
662,0.395822467,0,14.49150474
445,0.395422771,0,14.56180227
1170,0.390864776,0,14.25041803
125,0.390590756,0,15.42816416
1122,0.3897634,0,14.80335898
1391,0.38918966,0,12.84846897
1623,0.384569887,0,13.45476936
149,0.383334934,0,16.55559888
539,0.382971453,0,14.365106
275,0.378830976,0,15.33195651
555,0.378288706,0,12.65640074
157,0.378209225,0,14.58224207
1994,0.37691639,0,12.48037147
1420,0.374720021,0,16.83890985
1755,0.372985664,0,14.62394807
1203,0.372193383,0,13.21084437
330,0.371865437,0,12.36562374
1582,0.371025351,0,14.79573968
159,0.369865644,0,13.94265494
312,0.369454385,0,15.29459584
376,0.369082425,0,14.12404259
1408,0.367082372,0,18.15777203
300,0.365277701,0,16.66041755
1029,0.364411867,0,14.25956151
224,0.362412664,0,15.65063222
1946,0.362192147,0,16.21282744
923,0.361674743,0,13.09438104
1673,0.359963055,0,13.56334283
1068,0.358828066,0,15.62272628
1845,0.357028641,0,13.18406299
635,0.356423574,0,14.42312825
559,0.356138941,0,16.5200634
959,0.355960806,0,13.22868597
98,0.355245362,0,15.97116644
97,0.353151992,0,14.12667754
935,0.352786148,0,14.29503082
310,0.350223914,0,12.63464631
660,0.347979008,0,13.29760279
946,0.344489787,0,17.17748912
1857,0.343775246,0,12.6966419
867,0.341886007,0,13.58503708
1085,0.341121005,0,14.14683795
1816,0.340994281,0,13.23815743
1855,0.34085119,0,13.00137079
860,0.340606915,0,13.73979147
1270,0.339460566,0,12.17459575
1769,0.339366124,0,12.38841618
676,0.337865268,0,13.36188736
408,0.337721323,0,13.65313078
8,0.337712964,0,14.9512222
293,0.337150778,0,15.89026518
894,0.335432287,0,15.93578905
1378,0.335085423,0,12.69306999
1253,0.333481972,0,12.56708955
196,0.33159568,0,15.78296117
231,0.330662639,0,12.3136037
470,0.330373964,0,15.05298359
141,0.32977379,0,12.98596786
990,0.329684672,0,13.98270962
1782,0.325378608,0,13.98648811
1589,0.322643833,0,16.13853985
1618,0.317258215,0,15.24599769
1257,0.313555157,0,16.68828072
1696,0.312392286,0,13.42428915
1274,0.311833644,0,12.40425806
379,0.311402049,0,14.1900928
654,0.309897866,0,13.8161336
90,0.308199359,0,16.18399914
1219,0.308157719,0,14.86041131
640,0.308082614,0,14.26529659
1316,0.307782974,0,13.43045664
1842,0.305670015,0,17.52451789
1260,0.304632628,0,14.12104425
1781,0.304229054,0,14.62885188
1269,0.303639131,0,13.32792302
12,0.303140155,0,13.64984356
966,0.30298189,0,14.42738544
865,0.302963529,0,12.35230805
684,0.302698365,0,16.04389384
1206,0.301385593,0,13.4392184
1094,0.300755753,0,13.58982906
1384,0.300450603,0,15.50602623
1840,0.29808593,0,14.96258492
967,0.297363324,0,15.50335592
593,0.297313645,0,12.87658451
1128,0.296933647,0,14.77112978
1746,0.296699445,0,14.44001963
31,0.296665013,0,13.75162286
403,0.295413709,0,14.22844384
787,0.294605371,0,12.02631736
1369,0.293306591,0,13.51557993
1429,0.292736371,0,9.572028908
1043,0.291312128,0,12.69830497
682,0.29063346,0,17.32462425
103,0.290593087,0,13.61836856
1972,0.290522356,0,15.58516069
1490,0.290306574,0,18.40305518
972,0.289751622,0,15.17975227
1415,0.288790574,0,14.43554641
400,0.287985906,0,12.09398282
108,0.2873429,0,14.93709813
1501,0.28651974,0,12.91606027
920,0.284589038,0,16.34320395
1011,0.283944538,0,14.32795766
205,0.283933675,0,11.38510161
1059,0.282397119,0,15.41997295
1608,0.281441287,0,13.5358547
1176,0.280758859,0,15.18207781
1216,0.279977322,0,15.79733253
1643,0.27939116,0,13.01489528
730,0.279079608,0,12.26436374
1751,0.277257928,0,11.50570266
499,0.276008605,0,11.2788055
885,0.273696974,0,14.9267575
352,0.273143014,0,11.01657736
1246,0.270376263,0,12.60156139
601,0.269390036,0,12.12318948
1619,0.268702356,0,14.88379401
1592,0.268346728,0,14.21044748
1784,0.265627873,0,15.29357281
649,0.262908481,0,12.95242501
1844,0.262785023,0,14.37852936
1632,0.261977248,0,14.11029234
937,0.261169193,0,15.68238882
1464,0.260239804,0,12.52940365
1151,0.259734504,0,17.19739755
763,0.255343563,0,11.41689321
339,0.254840049,0,13.92518049
1720,0.253671035,0,12.98091203
1243,0.25186495,0,16.14686046
527,0.251768872,0,13.15385214
431,0.251602874,0,12.82037924
782,0.251535516,0,12.05549072
1833,0.251459183,0,11.73017275
18,0.251175761,0,14.56664824
1372,0.250249208,0,13.64470163
591,0.249362896,0,14.85381427
442,0.24813909,0,13.95657086
1944,0.246908012,0,14.16787352
276,0.246065053,0,11.20309208
1249,0.245570441,0,14.06323464
890,0.245530246,0,15.30784971
313,0.245318542,0,16.24934472
258,0.245226673,0,11.66410836
1077,0.24512685,0,17.67468214
1685,0.244312575,0,14.70366635
68,0.242358892,0,14.78038807
1463,0.239801299,0,13.64242161
290,0.23940157,0,11.46915974
1028,0.236642046,0,10.66246264
906,0.236596541,0,15.09971053
1722,0.236357185,0,16.57407747
361,0.235880075,0,10.63699563
1622,0.234755743,0,15.62023251
671,0.233887878,0,15.43054061
1869,0.233862387,0,15.50661445
1672,0.231972914,0,15.97469356
49,0.231353529,0,14.80128686
80,0.231198564,0,15.04743053
1189,0.230650928,0,14.27996727
1165,0.230162901,0,14.85949548
891,0.229833377,0,15.52796167
589,0.229736136,0,13.84797827
509,0.228758874,0,15.12572823
771,0.228025321,0,13.33622167
1598,0.227974412,0,14.825482
1898,0.226933376,0,17.39184721
1718,0.225095093,0,13.82479286
51,0.224810466,0,14.62376198
1103,0.224164938,0,12.71137633
789,0.223700053,0,15.57416193
1627,0.223377447,0,12.56450411
1791,0.220863916,0,11.10421074
1607,0.220671604,0,13.77568032
708,0.220568571,0,15.41779874
1621,0.219838378,0,15.49020529
607,0.217897698,0,14.43438149
1393,0.215315352,0,18.70194337
100,0.214501151,0,14.53898246
1904,0.214477381,0,11.98569174
563,0.213965851,0,12.7430723
1569,0.21288142,0,14.40466436
1549,0.21270127,0,14.58577645
565,0.21269421,0,13.48247913
1021,0.211846091,0,15.18770913
1173,0.21035505,0,13.34070529
1376,0.209713001,0,10.4035803
1395,0.209258601,0,10.91638965
960,0.208298596,0,12.64516469
1442,0.208058346,0,15.08280124
602,0.207003543,0,14.55631315
193,0.206747036,0,12.40686228
725,0.20587074,0,12.06596856
1827,0.205264518,0,9.534269436
1837,0.20493545,0,15.24328715
396,0.204691345,0,18.31112471
991,0.204459448,0,15.07776089
303,0.203849407,0,14.13443958
389,0.202524932,0,13.66455632
1390,0.202203774,0,13.73089981
476,0.199325377,0,13.99468006
449,0.198298422,0,13.66353691
1611,0.198295238,0,14.42212625
1312,0.197875461,0,14.51191015
829,0.197577099,0,13.31421081
1045,0.196787387,0,14.20383546
423,0.196672971,0,14.3770606
1088,0.195568269,0,17.57362698
1454,0.195567856,0,12.24997547
1218,0.192913632,0,18.03876524
1388,0.192366779,0,12.74052844
546,0.190166159,0,15.79632114
1723,0.190094248,0,12.25765224
507,0.188348403,0,13.88057647
1366,0.187811552,0,15.08898553
319,0.187792749,0,13.67762392
213,0.185575149,0,14.30934638
1195,0.18557112,0,12.23859581
472,0.185081861,0,14.37281767
464,0.184737485,0,14.61207216
363,0.183204073,0,14.52887947
776,0.182454118,0,12.34643974
326,0.179961547,0,12.77461563
520,0.178929491,0,18.78669315
1758,0.178691073,0,13.88785545
637,0.175800101,0,13.86276142
146,0.174684139,0,16.96590158
124,0.174597298,0,12.03386113
1215,0.174144893,0,13.24692299
32,0.173933866,0,17.15701487
1659,0.173338567,0,14.86493047
1831,0.172768471,0,14.64960957
1036,0.1704519,0,10.98379786
1255,0.169462186,0,14.37412098
1178,0.169124141,0,15.04649056
1440,0.166631334,0,13.16418948
1808,0.166230804,0,13.84439316
1556,0.162182403,0,14.06458147
548,0.161330058,0,18.28552759
1674,0.161129339,0,13.32517565
60,0.160406249,0,13.96514875
517,0.159510869,0,14.51536481
822,0.158763499,0,16.09887115
1989,0.158585983,0,12.76733225
1020,0.15844261,0,13.36231909
93,0.158177177,0,13.2585997
91,0.157989966,0,14.98322259
909,0.157444891,0,12.66075197
1754,0.157177616,0,11.94900632
1495,0.157128754,0,12.97438452
1661,0.155822375,0,15.05715435
1317,0.155415353,0,10.59914948
1639,0.155146178,0,13.01746117
1356,0.155027247,0,12.91649445
246,0.152908183,0,14.54507663
89,0.152741764,0,15.81214731
1367,0.152411485,0,14.46485861
1230,0.151920869,0,13.76144235
1281,0.149566044,0,15.12397841
812,0.149307787,0,12.69052885
979,0.148638098,0,14.42551988
970,0.148189583,0,14.34196814
1677,0.147534578,0,14.44866251
338,0.147407582,0,12.96598341
1019,0.14704179,0,12.66885155
177,0.147010772,0,13.94285606
1171,0.146960321,0,15.09951238
1693,0.145915419,0,11.91852054
1630,0.145630345,0,11.16456557
1945,0.145415182,0,13.02931055
1387,0.145189018,0,11.31323143
1411,0.144160493,0,15.99607807
505,0.144134463,0,12.8879956
1924,0.144088916,0,14.10627579
1169,0.143331688,0,13.64511048
188,0.143299895,0,12.37631714
569,0.143138587,0,14.05502723
1412,0.142350879,0,15.10879448
1516,0.142021219,0,11.62476971
178,0.140032866,0,17.00356918
1250,0.139640115,0,12.46324049
23,0.139601722,0,16.42278121
802,0.138741811,0,14.73503632
225,0.137152023,0,13.15531906
1689,0.13714505,0,11.70074584
1865,0.136929998,0,13.15656688
22,0.136825881,0,10.90675072
69,0.136722696,0,13.9519534
1574,0.134743604,0,16.94037032
85,0.133665114,0,15.34290777
1547,0.133397616,0,11.06732804
264,0.132007484,0,13.33545608
566,0.131751566,0,11.64211703
836,0.131409795,0,11.05203969
653,0.131120102,0,12.48085
1359,0.130448624,0,13.53181135
343,0.129722304,0,16.56450907
1708,0.128390244,0,14.8678153
886,0.127140362,0,17.09738929
1044,0.126655828,0,18.15886625
1568,0.126048955,0,12.00812322
1977,0.125226946,0,13.88752898
1520,0.124878582,0,13.26903611
233,0.124532972,0,15.53991759
131,0.124407996,0,11.81112062
1915,0.123153943,0,12.61847925
1365,0.12281902,0,13.2957338
667,0.121450409,0,15.49688954
346,0.120436522,0,17.87371257
962,0.119911209,0,13.53915919
1129,0.119873149,0,12.31005454
615,0.119627316,0,17.50508381
579,0.119334661,0,11.60226559
437,0.118258954,0,11.1511948
1635,0.117471937,0,16.19947661
426,0.117020344,0,13.81065635
1064,0.115417401,0,14.40374098
1304,0.113938731,0,15.09251347
1541,0.113574659,0,15.36410254
1939,0.113500776,0,14.73980755
1480,0.112850018,0,16.13153886
753,0.112790036,0,15.1819918
501,0.112736339,0,11.34632176
1448,0.112525199,0,13.63434333
2004,0.111780457,0,13.58458401
690,0.11162992,0,13.60060267
1937,0.111286766,0,13.82810839
322,0.110951731,0,13.78103735
949,0.110598632,0,15.80075862
1364,0.109105253,0,14.41756942
1525,0.108675027,0,12.54873482
993,0.108519067,0,11.88275032
567,0.107327535,0,14.63072796
1805,0.106844522,0,11.38597046
88,0.105775797,0,15.02922078
631,0.105753547,0,13.24996415
930,0.104368804,0,14.49890222
620,0.10382956,0,13.04317158
619,0.103808267,0,16.11311098
92,0.103172475,0,18.47952489
541,0.10315571,0,14.9529801
1346,0.102572806,0,14.15627514
728,0.10199611,0,15.51672125
582,0.101830271,0,12.37010976
1232,0.101317726,0,12.83483735
195,0.101272693,0,14.15784064
624,0.101155236,0,11.41883607
1004,0.101069206,0,14.61976639
1158,0.100397694,0,17.3977708
1671,0.100232658,0,11.91819601
395,0.100207134,0,12.33630532
47,0.09965325,0,12.15223663
1278,0.098669229,0,15.19776456
1620,0.098630461,0,11.05162225
1859,0.09790486,0,12.11192738
1379,0.09697458,0,13.24958788
268,0.096847072,0,15.70153209
118,0.095765884,0,13.25697505
237,0.095413346,0,12.18041259
1362,0.095207643,0,10.72191138
813,0.094542998,0,15.97386289
1022,0.094258935,0,15.7989922
1916,0.094255443,0,15.23729561
740,0.094061117,0,13.98016062
1894,0.09362469,0,12.68606296
1957,0.093475173,0,12.21458095
1558,0.093074205,0,14.9330442
1271,0.092705838,0,15.70382452
1147,0.092082336,0,15.71582972
1899,0.091258218,0,12.65368135
1975,0.090982571,0,12.67781276
1691,0.090978036,0,12.84637848
534,0.090347202,0,11.10324417
1624,0.090206255,0,11.39285303
1763,0.090060207,0,12.97022846
41,0.089486786,0,17.11104348
1879,0.089314936,0,13.42457693
1628,0.088783899,0,14.50806518
1537,0.087697052,0,12.78968527
1909,0.087498578,0,16.67525117
1650,0.08735803,0,11.56565507
1555,0.086476796,0,15.82884934
921,0.086002067,0,15.30457383
688,0.085794669,0,12.92642026
842,0.085711191,0,15.53100861
1998,0.085098698,0,12.82426301
1136,0.085051696,0,14.39343257
1132,0.084744221,0,13.85568177
1765,0.084700036,0,13.91582807
1802,0.083948161,0,14.932921
1476,0.083901542,0,15.54208009
765,0.083768656,0,11.39936576
1037,0.083489671,0,13.54701723
1710,0.08337466,0,13.6215699
54,0.082644872,0,10.81790193
455,0.081258555,0,13.52295673
835,0.081231681,0,15.42691944
466,0.081163991,0,14.21321426
1940,0.081066605,0,15.49020982
1185,0.080938435,0,18.44429366
834,0.08085091,0,13.29741612
1585,0.080326199,0,15.10438498
786,0.08029447,0,13.54237694
226,0.080171214,0,14.53492289
1397,0.079167833,0,13.3140755
630,0.078669305,0,16.28805334
386,0.07863565,0,13.61664217
1799,0.078330365,0,12.69840402
915,0.078167948,0,15.15380234
377,0.077823271,0,13.30967073
752,0.076845115,0,11.5760073
537,0.076298044,0,13.19298929
1679,0.076169531,0,11.8377309
1099,0.075302339,0,13.24076178
583,0.075064953,0,12.9417826
1345,0.074705365,0,10.42647073
46,0.073775158,0,13.19151468
941,0.072760809,0,14.76657422
1371,0.072568357,0,13.8893676
1425,0.072278786,0,13.75523175
1056,0.072212196,0,15.5296605
182,0.07150445,0,14.16440876
214,0.071415629,0,13.64680103
599,0.071267039,0,13.51342531
1014,0.071185275,0,13.84874776
652,0.071131415,0,14.05637288
766,0.071112986,0,14.45553088
29,0.071037582,0,14.02946866
191,0.070287578,0,15.46008689
818,0.070159039,0,12.17713026
1458,0.070153421,0,14.2087316
1351,0.070030088,0,13.92680737
105,0.069963244,0,13.61395798
1726,0.069506126,0,13.66391767
1963,0.069468894,0,13.42286627
243,0.069250439,0,13.5803383
1073,0.069050838,0,14.04765202
357,0.068872809,0,16.38335099
1804,0.068721902,0,12.09442507
351,0.067793672,0,14.09583933
1895,0.067677509,0,14.85464047
52,0.067301976,0,14.12977247
1745,0.067061195,0,13.98362947
479,0.066720777,0,15.7352196
919,0.066557377,0,12.06737129
770,0.066123181,0,13.17490117
367,0.065941465,0,11.78151282
1821,0.065823697,0,16.60329842
240,0.065738955,0,12.46338117
1164,0.065380358,0,16.59635901
1000,0.065155426,0,15.15333919
529,0.064505131,0,12.731203
754,0.064197237,0,13.28415653
1067,0.064007823,0,13.18698244
348,0.063175625,0,13.395425
1815,0.062789239,0,12.87563764
1308,0.062586567,0,12.41772907
746,0.062542186,0,16.94538228
248,0.062099123,0,11.90450553
1283,0.062080464,0,11.75183397
764,0.061652167,0,13.66868391
696,0.061277807,0,13.06053311
1967,0.061116073,0,14.2653984
1267,0.060882465,0,13.44062271
1222,0.060658093,0,11.90322727
876,0.060621495,0,13.55241354
1220,0.0605066,0,15.69400764
1432,0.060436982,0,14.62047731
717,0.060351668,0,14.93460663
1373,0.060342978,0,14.99344477
669,0.060005395,0,15.27140111
595,0.059981138,0,14.67771044
1626,0.059789361,0,15.67560469
1559,0.059463546,0,13.1694313
1080,0.059084916,0,13.53351165
483,0.058778544,0,12.85901584
1003,0.05855182,0,15.79600127
416,0.058070045,0,15.37304699
356,0.057730471,0,11.90525534
875,0.057551032,0,16.61775935
1752,0.057443271,0,14.90869963
176,0.057119242,0,12.77818413
45,0.057088758,0,10.89657489
1078,0.057069908,0,15.54465254
1168,0.056752887,0,12.85607087
1489,0.056723418,0,16.39930363
827,0.056476177,0,13.86551626
1594,0.056250403,0,15.19939176
1153,0.056044933,0,16.80667073
1141,0.055568081,0,14.28107312
180,0.055547556,0,12.11730966
384,0.055430888,0,13.4570989
1040,0.05523993,0,12.96331413
663,0.055027004,0,13.02293141
983,0.054687369,0,13.60024492
1683,0.053732626,0,14.57776813
814,0.053632881,0,14.30700564
16,0.05344714,0,13.30355215
1647,0.053179918,0,15.4927914
259,0.052445617,0,17.85955454
982,0.052076596,0,15.59566535
737,0.051622074,0,15.91992108
1595,0.051469394,0,16.563222
1933,0.051286732,0,12.46085797
1007,0.051247136,0,15.02895421
1731,0.05109245,0,13.50750584
1997,0.050857035,0,12.96635607
321,0.050657723,0,17.08153876
1554,0.050564002,0,12.89736621
1601,0.050540628,0,12.89003378
1052,0.050394504,0,11.77402498
907,0.050054913,0,12.41299103
186,0.048975593,0,14.32447918
1439,0.048032811,0,16.53811274
905,0.047645951,0,11.30971677
1678,0.047639147,0,14.72468296
713,0.047539668,0,14.19406487
67,0.046424358,0,10.62924997
1892,0.046268292,0,15.60886986
691,0.045995387,0,12.62011528
1868,0.04594899,0,13.34818329
1468,0.045645178,0,16.71152383
1835,0.045412692,0,12.61565494
1961,0.045310436,0,10.8926614
532,0.045229276,0,11.97971549
1955,0.045175795,0,16.28153695
1830,0.045028093,0,12.22567088
1060,0.044869854,0,12.65014477
1530,0.044806765,0,12.43355942
645,0.044708003,0,13.10990805
1862,0.044586112,0,13.59695427
1527,0.044494529,0,11.47661351
457,0.044283875,0,12.05609326
963,0.044090696,0,16.42858769
1960,0.043985667,0,14.86558336
232,0.043678107,0,14.73493822
574,0.043121764,0,15.09821876
1991,0.04269328,0,15.93882905
1268,0.042487485,0,14.34257213
636,0.042363038,0,14.78039906
1952,0.042224769,0,13.25460662
1645,0.042125492,0,12.14546414
1326,0.041786127,0,11.95095946
741,0.041754184,0,15.2868293
1652,0.041716832,0,16.69984293
1313,0.041334251,0,17.37875877
1968,0.041135237,0,14.77503744
1293,0.041045091,0,11.62008022
1166,0.041028507,0,15.30380191
1419,0.040879328,0,16.71623037
795,0.040848127,0,13.5332799
1264,0.040809142,0,12.89766778
896,0.040610886,0,13.94376499
35,0.040584399,0,14.49576822
1377,0.040540497,0,14.37685371
523,0.040480085,0,14.50401578
1801,0.040479103,0,14.22086273
672,0.040333444,0,13.69292515
1161,0.040285566,0,13.48582696
1725,0.039610551,0,12.10304195
1792,0.039338623,0,11.54723654
1493,0.039319239,0,11.30152198
980,0.039319012,0,15.62957643
869,0.039022259,0,14.76925225
50,0.038909775,0,14.62353081
1539,0.038712319,0,12.99949765
474,0.03850648,0,15.54348364
204,0.038450591,0,14.50765794
1370,0.037477361,0,14.04246169
985,0.037226282,0,14.47112014
911,0.037214466,0,15.27556394
456,0.036999816,0,10.95723337
1214,0.036774474,0,10.94444237
234,0.036642559,0,17.54334617
301,0.036581735,0,13.747604
253,0.036440702,0,13.57735809
468,0.036285836,0,15.97891933
116,0.0360615,0,12.15571321
848,0.036039595,0,12.56609381
333,0.035821747,0,18.30825399
1221,0.03570688,0,14.91108893
571,0.035649953,0,12.4551695
1663,0.034791069,0,11.99341039
1633,0.034501987,0,15.57683347
686,0.034199589,0,12.2177905
1473,0.033909496,0,13.35953462
1800,0.033369059,0,14.91370702
1875,0.033366961,0,14.58848951
1509,0.033269861,0,14.17845205
1424,0.033257905,0,13.15413265
877,0.033241479,0,14.81585606
971,0.033213229,0,11.88203765
801,0.033159399,0,12.30696154
973,0.033122123,0,13.63899791
36,0.033117573,0,13.87225059
59,0.03299369,0,11.75813834
1452,0.032969139,0,16.35259917
227,0.03267067,0,13.52791431
697,0.032380925,0,13.36032145
994,0.031943469,0,11.90888677
1131,0.031482622,0,16.21862076
1350,0.031352942,0,13.10642915
1241,0.030771843,0,12.00237517
1414,0.030679757,0,11.96326422
1213,0.030603754,0,13.64711943
107,0.030596357,0,14.25979369
43,0.030341683,0,15.27498239
1360,0.030070963,0,13.41063996
95,0.029942887,0,14.72558788
1057,0.029666378,0,13.79606525
494,0.029425537,0,13.59438856
355,0.029123998,0,14.72898909
513,0.029066331,0,10.41935713
1380,0.028603167,0,14.51863064
1858,0.028293232,0,12.46790763
147,0.02820901,0,11.7953646
1204,0.02818175,0,12.26306491
1707,0.028146297,0,13.93413719
76,0.028138988,0,15.06048133
976,0.02809451,0,13.67168239
1843,0.027867906,0,14.426284
1335,0.027700964,0,14.29688062
96,0.027651972,0,17.07614484
404,0.027492684,0,14.32593921
1985,0.027471486,0,12.86620145
1825,0.027371615,0,15.473793
262,0.027326823,0,12.70265003
1948,0.027286,0,11.52878328
832,0.027245834,0,14.68042815
1138,0.027072442,0,14.7569914
490,0.02692403,0,12.73442725
1970,0.026921528,0,15.45267697
1605,0.026839455,0,17.17494498
132,0.026726784,0,16.84963953
666,0.026504393,0,15.83115194
995,0.026501741,0,11.1744979
380,0.026493151,0,12.1894116
1121,0.026119134,0,12.27108454
1943,0.026038992,0,14.04601293
927,0.025983627,0,12.09271592
1486,0.025586063,0,12.77695012
1487,0.025378161,0,14.03091984
25,0.025373116,0,14.45380782
783,0.025022467,0,12.17225437
1848,0.024993041,0,16.20394168
575,0.024735369,0,13.10982648
1233,0.024611709,0,13.22666201
462,0.024601779,0,12.67635159
1069,0.024495587,0,16.2621156
249,0.024307084,0,12.47723231
642,0.023982289,0,14.36534374
866,0.023860892,0,13.70190929
369,0.023766911,0,12.89174849
1410,0.023697509,0,14.97512853
1175,0.0234637,0,14.41734078
861,0.023423764,0,13.5353592
1289,0.023107063,0,12.34496063
525,0.022865546,0,9.883381865
1687,0.02273568,0,14.36883705
1563,0.022714891,0,17.13619461
1433,0.022568897,0,13.78199398
1046,0.022532063,0,14.76288664
1229,0.022516113,0,10.35413493
1118,0.022448406,0,11.12927231
934,0.022414674,0,15.44504075
821,0.022286934,0,16.33719071
1883,0.022276587,0,15.52374018
199,0.022023466,0,12.40531056
111,0.021876299,0,15.88799089
698,0.021501712,0,12.83686424
284,0.021430382,0,14.70436232
1328,0.021413744,0,9.147264127
1236,0.021408615,0,14.56227285
1757,0.021333917,0,12.0585429
1863,0.021131696,0,14.30599453
438,0.021069408,0,14.05077333
1485,0.020943435,0,11.93796693
545,0.020836436,0,12.0124129
230,0.020633105,0,17.68760964
39,0.020623335,0,11.7398802
1775,0.020278728,0,13.37548788
378,0.020224898,0,12.5121682
104,0.020187147,0,13.76314022
955,0.020136238,0,11.72447265
1721,0.020111255,0,10.31921006
1462,0.020062495,0,13.61184491
1579,0.019887507,0,16.23237758
1427,0.019795826,0,12.43773272
1817,0.019753532,0,11.78350647
297,0.019751208,0,13.83056091
433,0.019700801,0,12.8970307
564,0.019441086,0,15.15077557
573,0.019292256,0,11.55035103
1286,0.019097401,0,12.57524664
762,0.0189739,0,14.12502574
1573,0.018908843,0,14.2981061
1927,0.018897134,0,13.78544144
53,0.018863152,0,15.11635828
1950,0.018748011,0,13.61153572
1394,0.018693236,0,16.75878335
1047,0.018592176,0,16.76923089
75,0.0183499,0,12.78992052
269,0.018308546,0,12.37709766
544,0.0182665,0,11.91478919
1811,0.017919229,0,12.37295001
287,0.01791826,0,12.00679458
831,0.01754611,0,15.79569176
594,0.017401345,0,10.83238356
1655,0.017221016,0,14.73512101
738,0.017164413,0,12.3571137
1483,0.017116102,0,15.43958349
1502,0.017115609,0,11.40951444
190,0.017083264,0,12.07244392
1146,0.017036808,0,14.27705839
1030,0.017027913,0,16.00020294
647,0.017011221,0,14.65088948
281,0.016918607,0,13.789137
130,0.016863737,0,11.10137605
736,0.016859106,0,9.453286645
925,0.01685738,0,15.76412602
705,0.016781196,0,12.06163523
1818,0.016703091,0,15.93637976
1076,0.016460746,0,16.31792549
1688,0.016441296,0,13.38506519
561,0.016431232,0,14.58665951
1033,0.01633205,0,10.26620351
1749,0.016285815,0,9.184794098
1893,0.016076755,0,15.77648073
1034,0.016006544,0,12.85144858
626,0.015984668,0,13.48194632
939,0.015878033,0,9.977279058
316,0.015817306,0,15.16865858
1684,0.015760764,0,13.29253462
1760,0.015649599,0,15.06679404
538,0.015572128,0,11.33006259
856,0.015273589,0,16.08861062
482,0.015133571,0,12.99999681
936,0.015105817,0,12.71941238
859,0.015051459,0,9.930966912
1910,0.014969431,0,14.61414658
664,0.014553847,0,12.16190229
497,0.014362101,0,15.84669404
576,0.014282308,0,12.89603567
1225,0.014179703,0,17.05448419
1006,0.014092726,0,11.34820469
1148,0.014083721,0,12.86039582
1617,0.014058877,0,13.04326276
273,0.013956178,0,12.189504
1728,0.013927756,0,12.06887896
270,0.013737793,0,9.90201168
223,0.01372781,0,9.195832407
1772,0.013679255,0,12.56956196
1451,0.013662574,0,14.97702428
1713,0.013526669,0,9.872436903
463,0.013510209,0,13.67751252
1599,0.01349581,0,13.56445197
1357,0.013484713,0,14.02462292
328,0.013410939,0,11.90761067
1167,0.013307231,0,14.59627984
1505,0.013264776,0,13.04203332
978,0.013242996,0,14.18049119
1973,0.01315862,0,12.26207811
928,0.013135,0,14.69195008
1912,0.013018048,0,12.57388095
1566,0.012999972,0,14.20754912
336,0.012978886,0,12.3198031
1969,0.012924914,0,12.37023489
311,0.012824537,0,14.27897147
598,0.012773006,0,14.86938006
1856,0.012715121,0,14.26578861
42,0.012680819,0,13.90651318
1832,0.012669651,0,12.20156934
1717,0.012603213,0,12.88881115
1526,0.012560307,0,11.69959057
957,0.012534676,0,15.27012751
155,0.012470348,0,13.99523513
148,0.012451358,0,12.9517671
184,0.012429212,0,14.09931246
1018,0.012421107,0,14.01909116
1396,0.012389633,0,13.6968363
119,0.012191426,0,12.67402653
878,0.012155264,0,13.31654279
1694,0.011911836,0,13.8611242
1315,0.01188518,0,16.62042762
1785,0.011688875,0,15.19825034
164,0.011677701,0,15.36716845
492,0.011652007,0,12.9444662
1576,0.0116071,0,14.8554273
1117,0.01147558,0,13.17221046
1041,0.01143535,0,15.2074452
1538,0.011424607,0,11.73247412
1358,0.01126462,0,15.80425242
1954,0.011260404,0,16.28386178
1838,0.011256304,0,14.59577387
1703,0.01115661,0,13.63704169
1101,0.011028571,0,11.969529
874,0.011026474,0,14.12898631
24,0.010914573,0,14.59554817
1466,0.010907614,0,13.62224033
1471,0.010807515,0,14.87517133
1602,0.010792104,0,11.56690995
608,0.010668474,0,13.46922909
790,0.010627155,0,13.96711405
1276,0.010622545,0,14.25325403
1238,0.010570937,0,14.89746644
382,0.010538143,0,14.83690134
1510,0.010467263,0,13.55194084
2005,0.010462649,0,16.56147062
751,0.010462168,0,16.69802378
334,0.010406551,0,12.0405517
365,0.010349627,0,16.4806783
2000,0.010282141,0,14.80999441
727,0.01017128,0,14.28925946
1644,0.010156064,0,16.64883344
17,0.010133881,0,14.75177985
1584,0.010074692,0,12.58811296
1421,0.010017187,0,16.36031674
1919,0.009873145,0,15.68358477
942,0.009864203,0,10.81205234
1978,0.009840376,0,12.25047805
1226,0.009740773,0,15.3858258
1210,0.009721634,0,11.63990002
267,0.009669205,0,15.16542823
412,0.009663299,0,12.16251776
506,0.009639617,0,11.00965376
1205,0.009586464,0,13.39373727
1386,0.009453291,0,15.4128488
439,0.009441125,0,11.09026896
956,0.009429616,0,12.13614529
1422,0.009397568,0,12.06651268
1194,0.009365319,0,11.46844178
206,0.009342929,0,14.85711088
837,0.009270798,0,14.84659373
797,0.009266182,0,12.08309141
1472,0.009241374,0,15.20108539
768,0.009201562,0,13.49109941
679,0.009193196,0,13.11064003
1908,0.009179778,0,9.266513889
1980,0.00917487,0,15.01089149
570,0.009153663,0,18.14330374
398,0.009132396,0,19.18198004
1163,0.009067147,0,16.71803135
1235,0.008935315,0,11.2177688
1668,0.008784208,0,13.73806334
804,0.008703283,0,11.92440647
722,0.008695251,0,14.00611373
881,0.008677451,0,12.52724668
1499,0.008669179,0,14.27126597
1849,0.008528344,0,9.671878958
1823,0.008516224,0,12.59548398
655,0.00844482,0,13.62891451
342,0.00838764,0,12.13390796
1729,0.008379556,0,11.53474101
1295,0.008240881,0,13.38982364
1256,0.008212487,0,13.20997403
714,0.008139263,0,13.15340686
331,0.008127756,0,14.24332053
1552,0.008115844,0,14.9013094
1761,0.008062217,0,16.13074874
27,0.008059654,0,14.49750657
772,0.007957609,0,10.67935671
1097,0.007859662,0,15.56669609
1669,0.007752567,0,15.71331258
681,0.007749791,0,13.55131365
1450,0.007739736,0,12.34992358
1984,0.007657322,0,14.35404373
1273,0.007619349,0,12.20743932
1187,0.007603058,0,16.03181674
477,0.007545422,0,13.7179001
1031,0.007484554,0,11.08915145
1179,0.007447093,0,15.1173036
1239,0.00733607,0,17.17786058
1796,0.007314571,0,13.52604517
1160,0.007282415,0,11.04283971
304,0.007252256,0,16.10206332
48,0.007181235,0,12.69900342
511,0.007153062,0,12.58359538
596,0.007104514,0,11.20057654
1159,0.007096201,0,12.14896783
557,0.007023825,0,12.03086569
1459,0.00702208,0,16.03227947
475,0.007003413,0,13.73866787
992,0.006912278,0,10.10351242
368,0.006910262,0,11.02372602
734,0.006905511,0,16.91254589
1807,0.006879966,0,15.27307378
556,0.006870815,0,14.55378134
1428,0.006833777,0,13.5406437
854,0.006803108,0,11.58395481
1682,0.006786494,0,16.13396912
172,0.006729903,0,15.25091579
899,0.006712044,0,12.98891171
1806,0.00664705,0,10.35337488
989,0.006639067,0,13.50925235
944,0.006493686,0,14.86974446
1625,0.006483884,0,12.82913754
83,0.006428954,0,13.75920907
358,0.006406735,0,13.41661625
1786,0.006376382,0,12.17712744
1263,0.006354148,0,12.35869633
1906,0.006303905,0,11.36050225
109,0.006301174,0,14.49086641
1770,0.006266256,0,11.69371554
1976,0.006260344,0,12.08287006
718,0.006243153,0,13.65435249
712,0.006216985,0,11.00658729
1695,0.006194673,0,13.40534295
687,0.006183944,0,13.87074305
1209,0.006172481,0,11.69526884
1133,0.006167995,0,12.92541116
1474,0.0061669,0,11.09743505
341,0.006140418,0,14.2350084
1902,0.006139716,0,15.64942459
1143,0.005948455,0,13.16129653
711,0.005938721,0,14.18573084
1913,0.005916816,0,13.52609751
1402,0.00589152,0,13.87024238
142,0.005871358,0,9.722181113
1667,0.005848314,0,12.54302301
1259,0.005829093,0,13.72889968
622,0.00576377,0,13.7288834
969,0.005737186,0,13.60402085
1788,0.005726209,0,14.20609952
282,0.005677834,0,12.69955444
1846,0.005677517,0,12.72554814
1606,0.005578838,0,14.81579994
144,0.005577203,0,15.29276466
586,0.005553211,0,14.26635317
428,0.005490387,0,11.74397879
1996,0.005481072,0,13.93467365
385,0.005466005,0,14.45242519
852,0.005447215,0,9.619010866
121,0.005444128,0,12.02609139
251,0.005420522,0,16.15194709
739,0.00539297,0,12.83461384
451,0.005378455,0,7.683971802
458,0.005278704,0,11.68542788
33,0.005253382,0,12.28131654
1290,0.005210334,0,15.19417085
1511,0.005205029,0,15.02318372
633,0.005127273,0,12.09222975
126,0.005073464,0,13.26845174
840,0.005040651,0,7.506952369
373,0.005015638,0,11.94974666
486,0.00494513,0,12.87512097
1113,0.004789541,0,11.76044264
344,0.004763839,0,11.22224559
1665,0.004732351,0,13.40363628
263,0.004729408,0,12.2016798
160,0.004711489,0,9.970187019
1095,0.004654513,0,14.35806864
1275,0.00463552,0,16.07632508
296,0.004620846,0,13.68478463
996,0.004618588,0,13.20058721
1826,0.004584734,0,13.7513811
1157,0.004481635,0,12.86165487
250,0.004403541,0,13.61076481
138,0.004232099,0,15.70534132
1475,0.00421308,0,12.89222518
858,0.004138171,0,13.08635111
298,0.004136321,0,14.86173385
1026,0.004133655,0,14.21753226
252,0.004080732,0,12.38244635
1938,0.00407936,0,13.05165964
444,0.004045465,0,15.35195514
1787,0.004042392,0,11.49101688
1174,0.0040095,0,12.60485053
1732,0.003968252,0,12.89430162
1762,0.003925415,0,13.69539633
4,0.003920626,0,10.19600389
958,0.003915404,0,15.63962893
1914,0.003892521,0,15.13066331
862,0.00383449,0,9.793418755
1824,0.003800067,0,10.15837497
1701,0.003770266,0,9.797275045
550,0.003765197,0,8.08973005
9,0.003760899,0,10.6434431
819,0.003757844,0,13.60956874
893,0.003749345,0,11.47649076
1676,0.003740416,0,12.94095749
677,0.003687743,0,14.71147678
222,0.003681545,0,11.68183331
792,0.003673955,0,14.38568102
1654,0.003601662,0,14.91496984
584,0.00355306,0,14.94721666
780,0.003514939,0,12.09973294
830,0.003510874,0,12.83975286
964,0.00350826,0,16.01058209
432,0.003488559,0,15.10137648
817,0.003479703,0,10.08503284
1768,0.003474723,0,15.00139938
1542,0.003389625,0,12.18182259
1739,0.003383888,0,13.68656698
716,0.00338099,0,15.14176153
943,0.003379207,0,14.86939693
1577,0.003344409,0,17.10963001
986,0.003301313,0,13.56417806
325,0.003300711,0,11.24430083
1144,0.003296449,0,14.90421807
918,0.003287652,0,14.93266556
1112,0.003276699,0,11.88810254
1319,0.003273886,0,13.19311939
987,0.003272661,0,15.33231612
434,0.003244335,0,8.567585851
145,0.003198255,0,16.52486689
724,0.003185111,0,13.67936192
1024,0.00316248,0,14.3363339
1070,0.003141296,0,16.38578414
1982,0.003112649,0,11.49688727
1918,0.00307725,0,13.07424064
1062,0.00302493,0,13.86538807
306,0.002982321,0,9.647285204
152,0.002957988,0,9.800607434
1767,0.002951693,0,15.11071233
1481,0.002951461,0,8.961425536
1773,0.002949603,0,12.5978448
1065,0.002902341,0,14.2307936
700,0.002860909,0,12.72857299
692,0.002842204,0,13.61147881
1172,0.002810579,0,7.890295586
390,0.002797105,0,12.6587166
1035,0.002795337,0,11.96582876
1518,0.002793939,0,12.93279026
826,0.002756091,0,16.85951867
1597,0.002716175,0,16.94270184
1658,0.002706244,0,13.09972138
28,0.002699131,0,14.10933146
1884,0.002646579,0,11.90706781
1279,0.002621927,0,11.98960308
1445,0.002599111,0,15.61214057
554,0.00257727,0,13.2834533
1426,0.002525361,0,10.94994023
413,0.002512445,0,12.16288139
528,0.002498698,0,14.69574948
519,0.002477692,0,15.0123527
15,0.002465367,0,15.06982854
1983,0.002463555,0,14.71754091
805,0.002451246,0,13.82606028
625,0.002446816,0,12.40573768
1580,0.002417727,0,16.08500161
500,0.002355495,0,17.06362611
1092,0.002326169,0,10.85144267
678,0.002310005,0,10.45121919
37,0.00229385,0,9.144133301
823,0.00229151,0,11.59977547
912,0.00226034,0,8.314438712
1779,0.002221925,0,12.18925107
323,0.00219725,0,12.868974
478,0.002190428,0,14.08870315
1081,0.002185565,0,12.55393579
720,0.002163029,0,12.70420432
360,0.002159113,0,13.19429147
1291,0.002155166,0,14.2044046
1615,0.002148806,0,13.64758072
1298,0.002142592,0,15.56340295
122,0.002140523,0,13.5480865
1266,0.002127448,0,11.5071363
1738,0.002121389,0,14.85282783
880,0.002117129,0,14.89320394
845,0.002109073,0,14.23103568
1524,0.00210873,0,11.44136091
295,0.002105165,0,13.324054
952,0.002098493,0,11.93302291
521,0.002081302,0,16.5761081
1252,0.002052241,0,14.71341758
1609,0.002024423,0,17.21937832
670,0.001983855,0,16.00584527
703,0.001971953,0,12.27053342
1901,0.00196501,0,11.39106198
1314,0.001962139,0,14.93172643
1400,0.001940273,0,12.55190106
769,0.001916614,0,11.61298576
1593,0.001904799,0,11.11398928
1211,0.001901265,0,10.66611943
1656,0.001876566,0,13.67472728
218,0.001860262,0,15.44671627
364,0.001846873,0,11.95663395
1139,0.001825431,0,12.25652223
614,0.001754725,0,14.64756733
651,0.001739805,0,10.47136949
1540,0.001712532,0,14.25332298
1042,0.001702726,0,14.58605729
1087,0.0016837,0,11.99664012
1638,0.00167159,0,12.65284121
1922,0.001635888,0,17.05709449
945,0.00162427,0,15.41623077
1715,0.00162276,0,13.09497018
1333,0.001621427,0,10.66522624
1467,0.001613207,0,8.398864742
747,0.001599552,0,12.83609336
988,0.001584881,0,17.26989944
256,0.001582392,0,13.25492811
443,0.001551626,0,12.97637842
888,0.001547748,0,10.55356348
518,0.00153931,0,18.00664959
1199,0.001520982,0,13.30443371
1134,0.001520968,0,13.36127101
86,0.001518823,0,10.4720734
1851,0.001506946,0,11.41926344
665,0.001506935,0,13.71905911
1603,0.001506875,0,15.28597023
1936,0.001475399,0,12.44201917
171,0.001469866,0,15.45526795
280,0.001468404,0,13.2643592
436,0.001429238,0,13.37535152
701,0.001426473,0,13.45665108
421,0.001420924,0,13.91085528
1457,0.001398634,0,13.17208168
1697,0.001393364,0,12.6957473
1202,0.001367524,0,13.66523226
285,0.001365412,0,11.55749397
779,0.001343264,0,12.49369751
587,0.001316557,0,18.03110452
975,0.001308778,0,9.218320781
1740,0.001298992,0,17.23932691
179,0.001295062,0,14.49493295
1686,0.001289912,0,13.92195103
1614,0.001233872,0,12.89974576
953,0.001223381,0,15.32227627
1670,0.001222627,0,12.46041019
208,0.001208311,0,10.01762547
1407,0.001203215,0,11.39717476
1248,0.001171609,0,11.84082205
387,0.001171583,0,13.20695765
337,0.001155549,0,16.21128922
471,0.001118077,0,12.55772112
1055,0.001109016,0,17.371139
411,0.00110712,0,13.08145136
1339,0.001098495,0,11.43735565
1876,0.001095317,0,12.92544816
221,0.001072102,0,13.38468764
731,0.001061911,0,8.757922478
203,0.001043715,0,16.78094954
446,0.001035447,0,10.32718269
350,0.001029294,0,14.46669174
1583,0.00101659,0,15.97094612
761,0.0010066,0,14.27081925
1352,0.001005113,0,12.17814349
512,0.001001008,0,10.96102627
1700,0.000987409,0,13.06022353
530,0.000985065,0,9.690090562
1137,0.000978297,0,12.03937847
1355,0.000966627,0,14.04332432
1072,0.000955872,0,16.04421543
1925,0.000949198,0,14.38350535
1705,0.000927739,0,13.47450807
767,0.000916434,0,11.09782706
1437,0.000909431,0,10.11711763
922,0.00088968,0,6.664466356
1086,0.000887141,0,12.79572924
1637,0.000876817,0,14.45205578
1774,0.000869399,0,12.82055511
72,0.000861127,0,12.59304473
1438,0.000857634,0,12.77963985
562,0.000856733,0,14.33729365
1217,0.000842924,0,11.50963494
1987,0.000842361,0,10.38029392
1515,0.00084172,0,14.02366375
791,0.000825531,0,11.99868368
1190,0.000824406,0,10.584163
488,0.000815722,0,15.87932322
808,0.000798108,0,13.07814942
1810,0.000795778,0,9.834282396
902,0.000793423,0,16.22215917
810,0.000788692,0,14.10969655
318,0.000781741,0,13.26830419
609,0.000775952,0,10.56238336
947,0.000769042,0,10.73058937
1110,0.00076508,0,11.61930288
1911,0.000761562,0,10.26323904
1995,0.000744575,0,16.56256775
627,0.000740684,0,13.39371635
1093,0.000723658,0,15.89273257
868,0.00072107,0,12.88739236
516,0.000719945,0,9.698611696
799,0.000719666,0,13.02300728
844,0.000716182,0,14.1219501
1208,0.000701273,0,13.21245835
1572,0.000698928,0,13.76708724
1819,0.000698339,0,7.683384092
335,0.000696113,0,11.8985738
1551,0.00067899,0,12.53784064
447,0.000678342,0,11.53239292
675,0.000677637,0,18.03553087
1104,0.000676299,0,12.5499204
895,0.000675264,0,16.38472681
1192,0.000666569,0,11.95200939
70,0.000664949,0,11.39718772
1742,0.000653535,0,12.19621367
549,0.000653191,0,15.48841901
167,0.000643584,0,13.9743815
1447,0.000633823,0,12.25531444
581,0.000632873,0,15.26890495
288,0.000631349,0,13.94066055
1152,0.000625313,0,15.29111493
1416,0.00062292,0,13.59946857
1536,0.000615472,0,13.94785952
1245,0.000607705,0,14.10072748
1150,0.000597604,0,12.84965445
756,0.00059149,0,12.00046458
1334,0.000591136,0,10.84279745
526,0.000586798,0,10.38864766
1140,0.000578559,0,12.0254665
1931,0.000566489,0,11.2415178
833,0.000533807,0,11.13547426
1923,0.000533702,0,12.00145976
417,0.000525739,0,10.35756736
850,0.000523572,0,9.880466992
1610,0.00051424,0,11.95574784
603,0.000505104,0,12.84214291
201,0.000495435,0,13.4262206
63,0.00049452,0,12.51035984
1543,0.000486629,0,14.6591053
151,0.000475325,0,13.48851737
329,0.000470733,0,15.36186487
372,0.000470565,0,13.41821614
1108,0.000468568,0,14.51474421
977,0.000462848,0,17.6365599
723,0.000453179,0,10.52156957
1681,0.000450684,0,13.71826323
1191,0.000446876,0,12.90315401
721,0.000445799,0,12.76277242
406,0.000442346,0,13.89834079
938,0.000430533,0,11.61749955
613,0.000428747,0,13.79306698
56,0.000425431,0,12.54659969
777,0.000423576,0,13.5570282
450,0.000421823,0,10.6557325
189,0.000414716,0,11.66901013
668,0.000412032,0,11.91129803
1338,0.000403288,0,10.74289054
200,0.000402912,0,12.6380939
1197,0.000399394,0,14.82903854
84,0.000395413,0,13.44220556
55,0.000394813,0,12.03795126
209,0.000392157,0,12.17261501
592,0.000382756,0,11.09313788
383,0.000381442,0,16.73075028
1434,0.000380468,0,10.4033199
1920,0.000375573,0,11.07129475
220,0.000367511,0,13.70979717
1307,0.000364313,0,9.115338594
110,0.000357712,0,14.37650468
1793,0.00035735,0,8.01910334
1798,0.000356301,0,12.19826851
82,0.000355943,0,9.542363178
1636,0.00035538,0,11.49146702
1247,0.000349931,0,11.68229311
824,0.0003437,0,12.61496363
606,0.000341907,0,15.02878359
1277,0.000339842,0,13.30241642
1853,0.00033932,0,14.87693563
1340,0.000337282,0,14.86149364
1789,0.000332858,0,13.46079078
34,0.000332646,0,11.98412104
981,0.00033058,0,10.00524053
577,0.000327577,0,12.72719958
495,0.000327335,0,12.89154842
489,0.000322496,0,12.50534102
898,0.000319526,0,10.50513706
1154,0.000317856,0,17.58875296
469,0.000316648,0,11.76221984
420,0.000314343,0,10.06329977
129,0.000311065,0,13.91723104
359,0.000303325,0,12.30961418
884,0.000301323,0,9.683867848
217,0.000298523,0,11.99075186
414,0.000297761,0,12.70564234
135,0.000297453,0,12.36213784
245,0.000296412,0,12.68526936
1361,0.000292639,0,14.75514253
961,0.000292529,0,16.16261078
247,0.000291505,0,10.61025659
954,0.000289071,0,13.03236176
1017,0.000284714,0,13.32192568
1469,0.000282146,0,10.77457256
407,0.000278456,0,11.57028773
616,0.000276007,0,12.41672133
1747,0.000274573,0,15.03346894
759,0.000267495,0,11.25035744
123,0.000263104,0,12.86456702
1404,0.000260143,0,13.01830251
409,0.000259121,0,12.03962095
1444,0.000258215,0,12.84634842
375,0.000256766,0,12.28793996
1867,0.000253942,0,9.84848774
841,0.000251149,0,11.63008233
327,0.000246309,0,12.69327756
1254,0.000243891,0,15.12237072
410,0.000243577,0,11.84010983
215,0.000240861,0,9.788484331
503,0.000236214,0,8.446272817
1311,0.000233293,0,15.63541779
1979,0.000231907,0,11.2851124
744,0.000227689,0,16.07506934
524,0.000225408,0,14.79004985
828,0.000222145,0,9.415287507
1002,0.000220725,0,12.54902883
843,0.000218389,0,11.77374857
1082,0.000213506,0,9.032072283
974,0.000212621,0,12.01087765
1759,0.000211957,0,13.47452378
1886,0.000210481,0,12.86640512
117,0.000205737,0,11.21219894
815,0.0002049,0,12.99511648
1993,0.00020409,0,13.21348325
1005,0.000203661,0,12.1668994
1332,0.000192849,0,12.96028382
1736,0.000190381,0,11.03635212
1119,0.000189966,0,11.36838245
415,0.000185368,0,13.06612962
1431,0.000184297,0,13.35588339
153,0.000184232,0,15.40681902
1861,0.000178046,0,12.42545371
533,0.000171609,0,14.99513497
1100,0.000167661,0,12.74562822
1310,0.000166954,0,14.70402404
748,0.000164801,0,11.03940561
1477,0.000164576,0,11.62892385
611,0.000162832,0,13.16197037
140,0.000157664,0,14.18894157
286,0.000157306,0,12.41883238
1992,0.000156238,0,10.16853885
1744,0.000154017,0,14.9239711
1497,0.000148924,0,13.3419239
1512,0.000148354,0,13.14391556
1885,0.00014404,0,13.06553193
2007,0.000142101,0,13.81893832
1813,0.000135508,0,14.60046059
441,0.00013398,0,13.27949202
64,0.000131583,0,11.96921754
1737,0.000127256,0,14.95263102
1089,0.000127246,0,16.11597983
632,0.000126242,0,11.51295058
750,0.000124111,0,12.19946766
1905,0.000121557,0,9.270425802
1102,0.000119974,0,11.34375652
1405,0.000118376,0,13.56968276
755,0.000116444,0,13.2658785
641,0.000114976,0,14.92147836
1325,0.000114565,0,12.56811908
1966,0.000112826,0,13.34811397
1971,0.000112596,0,10.50426459
917,0.000110509,0,10.12346861
283,0.000110055,0,12.45173698
1001,0.000109152,0,10.22680474
1935,0.00010879,0,14.58633205
1797,0.000108334,0,15.17074096
1649,0.000104016,0,10.88333067
113,0.000102714,0,10.46804811
272,0.000101231,0,11.60369995
1142,0.000100701,0,11.3991051
1839,9.88E-05,0,15.66943311
1234,9.83E-05,0,17.00264535
872,9.66E-05,0,11.7692366
371,9.53E-05,0,11.61262641
1012,9.50E-05,0,13.28914236
1074,9.50E-05,0,11.86400574
793,9.46E-05,0,11.96520637
1507,9.40E-05,0,12.01625103
1771,9.25E-05,0,13.14809914
1409,9.04E-05,0,7.299727434
621,8.96E-05,0,9.907191605
187,8.95E-05,0,11.37416091
1854,8.86E-05,0,12.42777072
1285,8.78E-05,0,12.72398699
2001,8.49E-05,0,14.43597563
1498,7.87E-05,0,13.71135549
1926,7.42E-05,0,14.48227446
1640,7.34E-05,0,14.83589627
612,7.30E-05,0,14.05498
202,7.09E-05,0,9.214372809
1265,7.08E-05,0,15.86025451
551,7.03E-05,0,12.40603876
324,6.97E-05,0,15.67899921
112,6.90E-05,0,12.41941395
419,6.83E-05,0,12.33133145
21,6.65E-05,0,9.739309248
1878,6.60E-05,0,10.11298855
345,6.30E-05,0,9.192528529
1756,6.18E-05,0,9.040359408
1666,6.12E-05,0,11.63017502
235,6.09E-05,0,13.46811614
1051,6.07E-05,0,11.5082392
924,6.06E-05,0,8.464700986
1534,6.06E-05,0,11.50025496
760,5.99E-05,0,10.44088173
66,5.99E-05,0,14.21816382
10,5.82E-05,0,17.27191241
1562,5.74E-05,0,15.38859813
508,5.51E-05,0,17.71893283
1531,5.48E-05,0,11.76785406
1690,5.46E-05,0,13.66107027
1506,5.44E-05,0,12.18632447
522,5.30E-05,0,8.075058498
192,5.26E-05,0,17.08113846
1479,5.21E-05,0,14.18941302
1964,5.14E-05,0,13.10238488
453,5.03E-05,0,9.694290672
1482,4.98E-05,0,9.564401477
726,4.86E-05,0,11.29427624
1348,4.67E-05,0,10.28498459
162,4.62E-05,0,9.102622408
1413,4.62E-05,0,12.90042085
241,4.59E-05,0,12.57046418
169,4.53E-05,0,9.10193845
1814,4.48E-05,0,12.11621427
1305,4.42E-05,0,11.80493176
1111,4.40E-05,0,13.38730812
1123,4.30E-05,0,8.629319518
166,4.29E-05,0,12.28820855
1631,4.23E-05,0,11.85427607
1491,4.10E-05,0,14.28786631
1776,4.06E-05,0,12.6564055
1465,4.01E-05,0,14.82985072
1389,3.76E-05,0,17.34892092
781,3.71E-05,0,16.34750614
1090,3.68E-05,0,10.00641423
1777,3.67E-05,0,10.1272363
1590,3.62E-05,0,7.28635049
1196,3.57E-05,0,14.15749627
702,3.53E-05,0,11.42515454
77,3.40E-05,0,12.59492336
1337,3.29E-05,0,14.6433985
156,3.19E-05,0,13.17279243
491,3.13E-05,0,12.65555085
811,3.11E-05,0,8.648772324
1882,3.09E-05,0,12.61787785
788,2.94E-05,0,10.01519854
1280,2.90E-05,0,10.92982384
354,2.90E-05,0,13.12431702
1116,2.83E-05,0,10.07682497
1321,2.81E-05,0,12.5770551
1896,2.81E-05,0,8.54541932
825,2.81E-05,0,11.0372055
1212,2.79E-05,0,16.5864862
1492,2.77E-05,0,11.43167582
984,2.75E-05,0,13.38722003
897,2.71E-05,0,13.73068375
1735,2.69E-05,0,13.20538344
623,2.52E-05,0,15.61573983
487,2.51E-05,0,14.17341947
1182,2.37E-05,0,10.3132088
1251,2.26E-05,0,12.82136517
366,2.21E-05,0,10.82831364
1727,2.11E-05,0,9.692281018
40,2.11E-05,0,13.43689091
11,2.03E-05,0,10.76388522
1027,1.94E-05,0,10.93343867
1866,1.93E-05,0,11.17268577
1114,1.83E-05,0,13.52319205
1578,1.79E-05,0,6.596992095
1382,1.75E-05,0,11.18600381
388,1.73E-05,0,12.07889802
65,1.69E-05,0,13.45243339
847,1.66E-05,0,14.69886805
1890,1.64E-05,0,10.75274575
154,1.60E-05,0,12.93580643
1302,1.52E-05,0,12.85641325
5,1.52E-05,0,14.78300409
585,1.40E-05,0,15.02079872
864,1.26E-05,0,12.35142014
643,1.21E-05,0,12.99741027
216,1.19E-05,0,14.98148971
887,1.17E-05,0,15.21758218
480,1.13E-05,0,12.39283182
1299,1.13E-05,0,11.5356082
158,1.10E-05,0,14.05462573
1874,1.08E-05,0,12.08253262
244,1.06E-05,0,13.86151824
650,1.01E-05,0,12.35986678
1513,9.73E-06,0,12.33409459
590,9.53E-06,0,11.21835834
1953,9.30E-06,0,17.53033772
1375,8.78E-06,0,12.01323705
79,8.57E-06,0,12.49094259
657,8.47E-06,0,11.7390587
1860,8.37E-06,0,10.6805324
1748,8.37E-06,0,9.883694392
1162,8.37E-06,0,10.50918222
168,8.07E-06,0,13.43819947
349,7.96E-06,0,9.907399221
115,7.30E-06,0,14.28687953
775,7.20E-06,0,12.54426657
340,6.76E-06,0,11.9475112
1887,5.99E-06,0,11.69169576
784,5.79E-06,0,11.55282712
892,5.44E-06,0,13.42159893
693,5.41E-06,0,12.76847985
646,4.95E-06,0,8.506474415
1297,4.77E-06,0,14.84835809
274,4.42E-06,0,11.62103555
931,3.78E-06,0,13.62136039
317,3.37E-06,0,10.42670619
685,3.27E-06,0,7.424580986
1836,2.52E-06,0,13.71464479
774,2.41E-06,0,13.44791107
228,1.87E-06,0,9.221411725
1641,1.85E-06,0,10.01926776
2002,1.61E-06,0,14.10647642
1449,1.59E-06,0,15.57374243
1460,1.32E-06,0,4.80411609
1711,1.32E-06,0,13.50515993
292,1.30E-06,0,13.31823452
1956,1.29E-06,0,6.760549303
694,1.28E-06,0,9.23118461
1888,1.27E-06,0,11.43163779
1008,1.24E-06,0,10.0376045
1847,9.98E-07,0,10.17808983
370,9.61E-07,0,12.70680565
302,9.37E-07,0,13.10266737
510,8.80E-07,0,9.594721954
883,8.67E-07,0,10.6336374
254,7.08E-07,0,7.892660567
484,4.77E-07,0,12.08499002
863,3.69E-07,0,11.94466916
1441,3.22E-07,0,12.21439042
604,1.33E-07,0,15.2692398
305,1.03E-07,0,10.33168115
1066,8.39E-08,0,7.358835945
1385,6.34E-08,0,9.792812841
1453,5.25E-08,0,14.50822292
1795,2.06E-08,0,8.701775535
553,3.18E-09,0,11.03253809
