INDEX,P_TARGET_RINGS
2,7
4,10
5,1
6,5
7,17
8,11
9,9
10,15
11,12
12,8
13,10
14,11
15,8
17,2
19,2
20,5
22,5
23,11
25,10
26,12
27,11
30,9
31,12
32,16
33,11
34,13
38,7
39,10
40,6
41,6
42,11
44,1
45,1
46,4
47,7
48,9
49,1
50,11
51,9
52,6
53,8
54,8
55,6
57,8
58,9
59,1
60,9
61,6
62,7
63,9
64,5
65,9
66,7
67,13
68,18
69,10
70,1
71,13
72,8
73,14
74,12
75,10
76,11
78,13
79,13
80,11
81,11
82,22
83,13
84,20
85,13
86,23
87,13
88,13
89,9
91,11
93,14
95,15
96,16
97,13
98,10
99,10
100,8
101,4
102,12
103,15
104,10
105,12
107,13
108,11
109,11
110,9
111,9
112,7
113,3
114,9
115,9
116,9
117,10
118,8
119,13
120,4
121,7
122,4
123,12
124,3
125,3
126,1
127,4
128,4
129,14
130,17
132,8
134,8
135,1
136,8
137,1
139,7
140,5
143,14
146,8
150,3
151,11
152,11
153,15
154,15
155,13
156,10
157,13
159,11
160,24
161,12
162,11
163,10
164,22
166,13
167,17
168,16
170,18
173,12
174,9
175,0
177,0
178,4
180,13
181,11
182,15
183,11
185,13
186,11
187,11
189,10
190,11
191,12
193,18
194,4
196,11
197,10
199,11
200,11
201,8
203,12
204,14
205,7
206,10
207,7
208,7
209,15
210,5
211,13
213,7
214,12
215,13
216,15
217,10
218,7
219,11
221,8
222,11
223,11
224,11
225,8
226,9
228,4
229,14
230,13
232,14
233,15
234,1
235,9
236,1
237,3
238,2
239,3
240,2
241,13
245,2
246,1
247,1
248,2
249,1
250,11
251,2
252,12
253,10
254,12
255,13
256,13
257,14
258,14
259,11
261,13
262,10
263,14
264,1
265,1
266,10
268,11
269,15
271,21
272,14
273,15
274,15
275,17
277,13
278,22
279,12
282,7
283,9
284,13
286,15
288,13
289,13
291,13
292,12
294,15
296,2
297,1
298,2
299,11
300,6
301,6
302,14
303,5
304,5
306,1
307,2
308,21
309,12
310,10
311,13
312,10
313,13
314,17
315,16
316,8
317,11
318,6
320,2
322,1
323,7
324,1
326,5
327,4
328,10
330,2
331,12
332,8
333,1
334,0
335,19
336,11
337,14
338,13
341,10
342,15
345,15
346,11
347,14
348,3
349,8
350,11
351,9
352,13
353,10
354,10
355,12
356,12
357,10
358,12
359,14
360,13
361,12
364,12
365,11
366,12
367,10
368,9
369,11
370,15
373,17
377,11
378,10
379,13
380,13
381,14
382,11
383,10
384,10
385,10
386,7
387,10
388,10
390,8
391,5
392,9
393,9
394,6
395,9
396,7
397,10
398,11
399,13
400,11
401,8
402,12
403,7
404,10
406,12
409,11
410,7
411,12
412,10
413,9
416,14
417,12
418,14
420,12
421,15
423,10
424,1
425,1
426,12
427,14
428,13
429,14
430,15
432,12
434,14
435,7
437,5
438,6
439,5
440,14
441,6
442,9
443,17
444,2
447,15
448,13
449,11
450,11
451,14
452,11
453,13
455,11
456,11
457,11
458,6
461,5
462,12
463,1
464,1
465,1
467,14
468,12
469,17
470,16
471,12
472,9
473,8
474,9
476,13
477,8
478,14
479,15
480,12
481,12
483,10
484,11
485,11
486,12
489,10
490,12
491,11
493,12
494,13
496,14
497,17
498,11
499,12
500,13
502,17
503,17
504,13
505,14
507,15
508,15
509,11
511,12
512,9
513,12
514,1
515,1
516,1
517,6
519,1
520,4
521,1
522,1
523,5
524,1
525,0
526,2
527,2
528,12
529,12
530,5
532,9
535,10
536,9
537,12
538,1
539,1
540,8
541,10
542,9
543,7
544,7
547,1
548,1
549,10
552,12
553,11
555,8
558,12
559,14
561,7
562,9
563,8
565,10
566,0
567,9
568,8
570,8
571,9
574,12
575,12
576,10
577,11
578,11
580,13
581,11
582,10
583,11
584,9
585,5
586,10
588,12
589,10
590,7
592,7
593,11
594,13
595,13
596,13
597,12
599,15
600,17
602,7
603,6
604,8
605,11
608,9
609,6
610,3
613,1
614,9
616,12
617,10
618,4
619,1
620,1
622,14
623,9
626,11
627,6
628,5
629,12
631,7
632,8
633,9
636,1
637,4
638,2
639,9
640,10
641,1
642,12
643,13
644,5
646,8
647,1
648,18
650,9
651,1
652,2
654,1
655,6
657,14
659,13
660,11
661,13
662,13
663,9
664,7
665,11
668,13
669,16
670,13
671,12
672,12
673,17
674,11
675,17
676,16
678,11
680,2
682,11
683,7
684,12
685,12
686,11
687,11
688,17
689,11
690,12
691,11
692,1
693,8
694,7
696,1
697,2
698,2
699,10
700,8
701,6
702,12
703,7
706,11
707,4
708,8
710,2
711,1
712,6
713,1
714,4
716,1
717,1
718,1
719,2
720,2
722,14
723,15
724,12
725,4
726,9
727,5
728,7
729,13
731,16
732,11
735,14
737,10
738,11
739,15
740,6
741,12
742,2
743,12
744,14
745,14
746,14
747,13
748,11
749,12
750,12
752,8
754,15
755,15
757,16
758,17
760,14
763,21
764,14
766,16
767,14
768,9
769,12
770,13
771,16
772,10
773,6
774,10
775,15
776,18
777,13
782,11
783,16
785,1
786,15
787,11
788,16
790,13
791,14
793,10
794,14
796,15
797,12
798,7
800,9
801,11
802,8
803,11
804,5
805,9
806,7
808,17
809,10
810,12
811,17
812,17
813,1
814,1
815,2
818,5
819,2
820,5
821,7
823,2
824,5
825,6
826,5
827,5
828,6
829,5
830,6
831,5
832,8
833,8
834,5
835,5
836,9
837,9
838,9
839,9
842,10
843,9
844,13
845,10
846,7
847,10
848,10
849,10
850,13
851,12
854,12
855,9
856,11
857,12
858,12
859,11
860,11
861,10
862,10
863,12
864,10
866,12
868,11
869,11
871,13
872,11
873,10
874,14
875,11
876,14
878,10
879,10
880,9
881,10
882,12
884,14
885,11
886,12
887,13
888,11
889,12
890,12
891,14
892,15
893,1
894,1
896,1
897,1
898,1
900,3
901,1
902,2
903,1
904,1
905,1
906,1
907,2
908,2
910,1
912,1
913,9
914,5
915,5
916,2
917,1
918,5
919,5
920,4
922,7
925,6
926,6
927,4
928,7
929,7
930,8
931,5
932,6
933,9
934,10
935,7
936,6
937,5
938,9
939,8
940,6
941,6
942,7
943,7
944,7
945,7
946,7
947,7
948,9
950,8
951,10
952,6
953,7
955,8
956,9
957,10
959,7
960,8
961,8
963,8
964,9
968,10
969,9
970,10
971,11
972,8
973,9
974,10
975,10
976,12
978,9
981,9
982,10
983,11
984,9
985,11
986,12
987,10
988,10
989,11
990,11
992,10
993,12
994,10
995,10
997,10
998,13
999,10
1001,9
1002,10
1003,10
1004,10
1005,10
1006,10
1007,10
1011,11
1012,11
1013,11
1014,11
1015,10
1016,11
1017,10
1018,10
1019,11
1021,9
1023,10
1025,10
1026,10
1027,10
1028,10
1029,10
1030,10
1031,12
1032,11
1033,13
1034,12
1036,10
1037,11
1038,13
1039,15
1040,10
1041,12
1042,13
1044,10
1048,10
1051,10
1052,11
1053,14
1054,2
1055,1
1056,0
1061,1
1062,1
1064,1
1066,0
1067,1
1068,3
1069,1
1070,3
1072,3
1073,5
1074,5
1075,5
1076,6
1077,6
1078,6
1079,5
1080,7
1081,7
1086,9
1088,8
1089,7
1090,5
1091,5
1092,6
1095,9
1096,6
1097,5
1098,7
1099,10
1101,9
1102,7
1103,8
1104,8
1105,8
1107,8
1109,7
1110,10
1111,9
1112,7
1113,11
1114,8
1115,9
1117,7
1119,8
1120,9
1121,7
1122,7
1123,8
1124,8
1127,9
1128,10
1129,8
1130,9
1131,10
1132,8
1133,11
1134,10
1136,10
1137,10
1138,9
1139,9
1141,10
1142,11
1143,9
1145,12
1146,12
1147,9
1148,9
1150,11
1152,10
1153,10
1155,8
1156,9
1157,9
1158,10
1159,9
1161,12
1162,9
1163,9
1164,10
1165,10
1166,9
1168,9
1169,9
1171,9
1173,10
1175,1
1176,10
1177,10
1178,10
1179,11
1180,10
1181,11
1182,11
1183,13
1184,11
1185,11
1186,10
1188,11
1189,11
1192,11
1193,10
1194,13
1195,10
1196,10
1197,11
1199,10
1200,11
1201,12
1202,9
1203,10
1204,11
1205,10
1206,12
1207,11
1209,12
1210,14
1211,29
1212,1
1213,1
1215,2
1216,0
1217,0
1219,1
1220,1
1222,1
1223,1
1224,1
1226,1
1227,2
1228,1
1229,1
1230,1
1231,1
1232,2
1233,5
1234,1
1235,1
1236,4
1237,2
1238,2
1239,3
1240,1
1241,6
1244,1
1245,5
1246,2
1247,5
1248,6
1249,5
1251,5
1252,4
1253,7
1254,4
1255,5
1258,1
1259,5
1261,7
1262,6
1263,7
1264,8
1267,6
1268,9
1269,6
1270,6
1271,9
1272,7
1273,5
1274,9
1277,7
1279,7
1281,9
1282,8
1283,10
1284,10
1285,12
1286,8
1287,9
1288,8
1289,8
1291,7
1292,10
1293,9
1294,10
1295,9
1296,7
1297,10
1298,7
1303,6
1304,9
1305,10
1306,9
1307,10
1310,11
1311,9
1312,10
1313,8
1316,9
1317,10
1319,10
1320,10
1321,10
1322,10
1323,10
1324,9
1325,9
1326,9
1327,10
1328,8
1329,12
1330,9
1331,11
1332,11
1333,9
1334,10
1335,8
1336,11
1338,11
1339,8
1340,10
1342,10
1343,11
1344,9
1345,10
1346,10
1347,10
1348,10
1349,10
1350,11
1351,12
1352,12
1353,10
1354,11
1355,10
1357,10
1360,11
1361,9
1363,10
1364,10
1365,10
1366,11
1367,10
1368,12
1369,10
1370,11
1371,13
1372,10
1373,10
1377,11
1378,10
1380,12
1382,10
1384,10
1385,10
1387,11
1388,10
1389,11
1390,11
1391,11
1392,8
1393,11
1394,12
1395,13
1397,11
1398,11
1399,12
1400,12
1401,12
1402,10
1403,11
1404,10
1405,11
1406,11
1407,12
1408,10
1409,10
1410,10
1411,11
1412,13
1414,11
1415,11
1417,9
1419,11
1421,11
1422,11
1423,12
1424,13
1425,13
1426,12
1427,11
1428,14
1430,2
1431,1
1433,1
1434,1
1435,3
1436,4
1437,4
1438,5
1439,5
1440,5
1441,4
1442,5
1443,5
1444,6
1445,6
1447,6
1448,6
1449,7
1450,7
1451,7
1452,7
1453,7
1454,7
1455,8
1456,7
1457,7
1458,7
1459,7
1460,8
1461,6
1463,8
1464,7
1465,8
1466,8
1467,10
1468,8
1470,8
1471,9
1472,7
1473,9
1474,10
1475,10
1476,9
1479,9
1481,9
1482,9
1483,10
1485,9
1487,11
1488,10
1489,10
1490,10
1491,14
1493,10
1498,9
1499,10
1501,11
1502,11
1503,10
1504,11
1505,11
1506,10
1508,10
1510,11
1513,10
1517,11
1518,11
1519,11
1520,11
1521,13
1522,12
1524,12
1526,14
1527,11
1528,10
1529,14
1531,12
1532,1
1534,1
1536,1
1539,1
1540,2
1542,3
1543,1
1544,4
1545,4
1546,3
1547,5
1548,2
1549,4
1550,4
1552,5
1554,5
1555,5
1556,4
1557,6
1558,6
1559,3
1560,6
1561,6
1562,5
1563,7
1564,7
1565,7
1566,6
1567,8
1568,6
1569,8
1571,6
1573,9
1574,8
1575,8
1576,8
1577,7
1579,8
1580,8
1581,9
1582,9
1583,9
1584,8
1585,6
1587,5
1588,8
1589,9
1590,9
1591,9
1592,12
1593,8
1595,9
1596,11
1597,9
1598,11
1600,10
1601,9
1602,11
1603,11
1604,10
1605,11
1606,11
1608,8
1609,8
1611,8
1612,11
1613,10
1614,9
1615,9
1616,10
1617,9
1618,9
1619,12
1621,9
1622,11
1623,10
1624,9
1625,9
1626,9
1628,11
1630,11
1631,11
1632,11
1633,11
1636,10
1637,12
1639,11
1642,10
1643,10
1644,9
1645,11
1647,9
1649,11
1650,11
1651,10
1653,9
1654,10
1655,10
1656,11
1657,10
1658,11
1659,11
1661,10
1662,10
1663,10
1664,11
1665,9
1666,10
1667,12
1668,11
1669,10
1670,10
1672,11
1673,15
1675,10
1676,10
1677,10
1678,10
1679,11
1680,10
1681,11
1683,12
1684,10
1685,11
1686,11
1687,10
1688,11
1689,11
1690,10
1692,10
1693,10
1694,11
1697,10
1698,10
1699,10
1700,10
1701,11
1703,11
1705,10
1706,11
1707,11
1708,11
1709,11
1710,13
1713,10
1714,11
1715,11
1716,10
1717,10
1719,12
1720,9
1721,11
1722,11
1725,10
1726,10
1727,10
1728,11
1730,10
1731,11
1733,11
1734,10
1735,10
1738,10
1741,11
1742,12
1743,12
1744,10
1745,12
1746,13
1748,12
1749,11
1750,12
1751,13
1752,9
1753,13
1754,12
1755,10
1756,10
1758,14
1759,12
1760,12
1761,14
1762,11
1763,12
1764,12
1766,5
1768,7
1769,8
1770,6
1771,5
1772,9
1773,6
1774,9
1776,8
1777,11
1778,13
1780,10
1781,9
1782,10
1784,8
1785,10
1786,9
1787,10
1788,10
1790,9
1791,9
1792,10
1793,10
1795,9
1798,10
1799,10
1802,10
1803,10
1804,11
1806,10
1809,10
1810,10
1811,9
1812,11
1813,15
1814,12
1816,12
1817,10
1820,13
1821,12
1823,11
1824,13
1825,0
1826,1
1828,1
1829,1
1830,1
1831,2
1833,6
1835,2
1836,7
1839,6
1840,6
1841,6
1843,7
1844,6
1845,8
1847,9
1848,9
1849,6
1850,9
1851,7
1853,9
1854,9
1855,10
1856,6
1858,10
1859,8
1860,12
1861,13
1862,7
1863,8
1864,9
1865,9
1866,7
1867,7
1868,8
1870,10
1871,10
1872,11
1873,9
1875,10
1876,13
1877,10
1878,9
1879,12
1880,12
1881,13
1883,10
1884,9
1885,8
1886,11
1887,10
1888,12
1889,12
1890,8
1891,11
1892,10
1893,10
1894,11
1895,11
1896,11
1897,11
1898,8
1899,8
1901,9
1902,10
1903,11
1904,11
1905,12
1906,9
1908,10
1909,11
1910,9
1911,13
1912,10
1913,10
1914,11
1918,13
1919,11
1921,12
1925,11
1926,10
1927,10
1928,10
1929,10
1930,11
1931,11
1932,12
1933,15
1934,13
1935,10
1936,12
1937,11
1939,10
1941,12
1942,10
1944,10
1945,13
1946,10
1948,10
1950,11
1951,11
1952,14
1953,10
1954,11
1955,9
1956,11
1958,13
1959,10
1960,12
1961,11
1962,12
1963,11
1964,11
1965,11
1966,11
1967,13
1970,11
1971,12
1973,13
1974,11
1975,12
1978,13
1979,10
1980,13
1981,11
1982,11
1983,11
1984,10
1986,15
1987,1
1988,2
1989,1
1990,1
1992,1
1993,1
1994,1
1995,1
1996,1
1997,1
1998,3
1999,2
2001,5
2002,1
2003,1
2004,3
2005,2
2007,3
2008,6
2009,5
2010,6
2011,6
2013,7
2014,9
2015,8
2017,7
2018,8
2019,7
2020,12
2021,9
2024,10
2025,11
2026,12
2028,10
2030,10
2031,10
2032,10
2033,11
2034,12
2035,12
2036,10
2037,1
2038,1
2040,1
2042,1
2043,5
2044,5
2045,8
2046,5
2049,6
2050,7
2051,8
2052,8
2053,7
2054,6
2057,10
2058,7
2059,11
2063,8
2064,5
2066,9
2067,10
2068,8
2071,8
2072,9
2073,9
2074,11
2075,14
2076,10
2077,12
2079,11
2081,10
2082,10
2083,10
2084,12
2085,9
2088,13
2089,13
2090,14
2091,18
2092,8
2093,11
2095,5
2096,5
2097,11
2098,4
2099,7
2101,6
2102,11
2103,7
2105,9
2106,10
2107,13
2108,17
2109,21
2111,1
2112,4
2113,9
2114,5
2115,3
2116,1
2117,0
2119,9
2120,8
2122,8
2123,9
2126,8
2127,10
2128,3
2129,13
2130,12
2131,10
2132,1
2134,8
2135,8
2137,11
2139,11
2140,12
2141,9
2143,7
2144,7
2145,7
2146,7
2148,11
2151,8
2152,14
2153,6
2154,1
2155,11
2156,15
2157,15
2158,16
2159,13
2160,10
2163,12
2164,12
2165,6
2167,4
2168,4
2169,1
2170,1
2172,3
2173,1
2175,12
2176,13
2177,14
2179,14
2180,21
2183,16
2184,19
2186,8
2188,14
2189,10
2190,10
2191,15
2192,14
2193,12
2194,1
2195,7
2196,2
2197,5
2198,6
2199,1
2200,18
2201,14
2202,19
2203,12
2204,16
2205,8
2206,2
2207,1
2208,8
2209,20
2210,23
2212,16
2213,19
2216,12
2217,2
2218,13
2220,11
2221,11
2222,13
2223,17
2224,17
2226,12
2227,7
2228,1
2230,5
2232,13
2233,12
2234,13
2237,12
2238,17
2239,6
2240,8
2241,14
2242,7
2243,11
2244,10
2245,6
2246,12
2247,8
2249,5
2250,14
2251,11
2252,12
2253,14
2254,11
2255,11
2257,9
2258,15
2259,8
2260,11
2261,14
2262,13
2264,12
2265,16
2266,13
2267,10
2268,14
2269,12
2270,11
2271,10
2272,11
2274,13
2275,16
2276,13
2278,14
2279,8
2280,10
2282,11
2283,9
2284,7
2285,6
2286,6
2287,10
2288,7
2289,2
2291,10
2292,8
2293,5
2294,4
2297,12
2299,6
2300,8
2301,11
2302,10
2303,10
2304,9
2305,11
2307,12
2308,12
2309,10
2310,11
2311,8
2312,10
2313,1
2315,11
2316,13
2317,14
2318,16
2319,10
2320,11
2321,6
2322,11
2323,10
2324,8
2325,16
2326,7
2328,11
2329,11
2330,12
2331,7
2332,14
2335,15
2336,14
2337,12
2338,10
2340,13
2341,12
2345,15
2346,14
2347,11
2348,11
2349,12
2350,7
2351,11
2353,12
2354,13
2355,11
2356,11
2357,14
2358,12
2359,14
2360,13
2362,11
2364,12
2365,13
2366,11
2367,14
2368,14
2369,15
2371,7
2372,2
2374,11
2375,7
2376,4
2377,7
2378,10
2380,2
2381,0
2382,2
2383,11
2386,9
2387,10
2388,9
2389,11
2390,11
2391,10
2392,5
2393,2
2394,2
2395,11
2396,11
2397,12
2398,13
2399,9
2400,11
2401,7
2403,11
2404,1
2406,11
2407,14
2408,11
2409,11
2410,14
2412,9
2414,9
2415,6
2416,2
2417,9
2418,0
2419,9
2420,9
2422,13
2423,9
2424,7
2425,1
2426,12
2427,14
2428,1
2429,9
2430,3
2433,13
2434,14
2435,11
2437,17
2438,2
2439,15
2440,5
2441,10
2442,12
2443,8
2444,10
2446,10
2447,16
2448,1
2452,4
2453,7
2454,1
2455,1
2456,1
2457,1
2458,1
2459,1
2460,14
2462,14
2464,14
2465,11
2466,11
2467,8
2468,13
2469,3
2471,11
2472,15
2473,11
2475,11
2476,16
2477,12
2478,13
2481,16
2482,5
2483,15
2484,15
2485,14
2487,15
2488,10
2489,14
2490,11
2491,7
2492,19
2493,15
2494,5
2495,9
2496,15
2497,11
2498,16
2499,19
2501,14
2502,7
2503,1
2504,1
2505,12
2506,1
2507,1
2508,6
2509,6
2510,5
2511,5
2512,6
2513,8
2514,10
2515,8
2516,8
2517,8
2519,9
2520,9
2521,10
2522,8
2523,12
2524,10
2525,11
2527,11
2528,12
2529,13
2530,11
2532,10
2533,10
2534,10
2535,12
2536,12
2537,13
2538,12
2539,12
2540,13
2541,14
2542,12
2543,15
2544,11
2545,11
2546,1
2547,1
2548,1
2550,1
2551,1
2553,1
2554,1
2555,2
2556,3
2557,1
2558,6
2559,1
2560,6
2562,7
2564,8
2565,8
2566,8
2567,8
2568,7
2569,7
2570,7
2571,6
2572,6
2573,6
2574,6
2575,6
2576,9
2577,7
2578,9
2579,9
2580,9
2581,9
2582,9
2583,9
2584,10
2585,10
2587,10
2588,10
2589,10
2590,11
2591,10
2592,10
2593,10
2594,11
2595,11
2596,12
2597,11
2598,10
2599,11
2600,10
2601,11
2602,11
2603,10
2607,10
2608,12
2609,12
2610,10
2611,10
2612,10
2614,11
2615,10
2616,10
2617,9
2618,11
2619,11
2621,13
2622,12
2624,13
2625,11
2626,13
2628,0
2629,1
2630,1
2632,2
2633,5
2634,7
2635,6
2636,5
2637,5
2638,8
2639,7
2640,8
2642,2
2643,8
2644,8
2645,7
2646,6
2647,8
2648,8
2649,7
2650,8
2651,9
2652,8
2654,9
2655,9
2656,9
2657,7
2658,9
2660,9
2661,9
2662,9
2664,9
2665,10
2666,10
2667,9
2668,9
2669,10
2671,9
2674,11
2675,9
2676,12
2677,11
2678,9
2679,9
2680,9
2681,10
2682,11
2683,11
2686,11
2687,11
2688,10
2689,9
2690,11
2693,10
2695,10
2697,10
2698,10
2699,11
2700,11
2704,10
2706,11
2707,10
2708,10
2709,11
2710,13
2711,11
2712,0
2713,0
2714,0
2715,1
2716,1
2717,1
2718,2
2719,2
2720,1
2721,1
2722,8
2723,5
2724,7
2725,4
2726,6
2727,5
2728,6
2729,9
2730,5
2731,4
2732,6
2734,6
2735,7
2736,6
2737,7
2738,8
2739,6
2740,5
2742,5
2743,6
2744,6
2745,9
2748,8
2751,8
2752,10
2753,11
2754,7
2755,10
2756,10
2757,7
2758,7
2759,12
2762,10
2763,9
2764,11
2765,10
2766,12
2767,10
2768,10
2769,10
2771,9
2772,10
2773,11
2774,10
2775,11
2776,12
2777,11
2780,10
2782,10
2784,10
2785,9
2786,10
2787,8
2788,10
2789,10
2790,9
2791,8
2792,10
2793,11
2794,11
2795,10
2796,10
2797,15
2798,11
2801,11
2802,4
2803,11
2804,12
2805,11
2807,12
2808,9
2809,10
2811,9
2812,11
2813,0
2814,1
2816,1
2817,2
2818,1
2819,2
2820,1
2821,4
2822,4
2823,6
2824,6
2825,8
2826,7
2827,7
2828,8
2829,7
2830,8
2831,9
2832,9
2833,9
2834,10
2835,9
2836,9
2837,10
2838,9
2839,10
2840,10
2841,12
2842,12
2843,10
2844,10
2845,9
2846,10
2847,10
2848,9
2850,10
2853,11
2854,11
2855,9
2856,11
2857,10
2858,11
2859,12
2860,10
2861,11
2862,11
2863,10
2864,11
2866,1
2867,1
2868,1
2869,2
2870,2
2872,4
2873,5
2874,5
2876,6
2877,4
2878,11
2880,10
2882,8
2883,9
2885,11
2887,6
2888,11
2889,10
2890,7
2891,11
2892,7
2893,11
2894,9
2896,7
2897,9
2898,10
2901,10
2902,9
2903,9
2904,9
2905,10
2907,12
2908,10
2909,10
2911,11
2913,10
2914,12
2915,9
2916,10
2917,11
2918,9
2919,9
2920,11
2921,10
2922,10
2923,11
2924,12
2925,12
2928,12
2929,10
2930,10
2932,10
2933,11
2936,10
2938,10
2939,11
2940,10
2942,11
2943,10
2944,10
2945,11
2947,10
2948,11
2950,11
2951,10
2952,13
2953,10
2954,10
2957,12
2959,10
2960,12
2962,10
2963,11
2964,14
2965,10
2966,12
2967,10
2968,10
2970,12
2971,11
2972,11
2973,13
2974,12
2975,11
2976,8
2977,7
2979,12
2980,10
2981,6
2982,7
2983,10
2984,8
2986,9
2988,10
2990,8
2991,10
2992,10
2994,10
2995,11
2996,10
2998,9
3000,9
3002,9
3003,11
3004,10
3005,10
3006,11
3007,9
3008,12
3009,14
3011,1
3012,2
3015,4
3016,7
3018,6
3019,6
3020,7
3021,8
3022,7
3023,8
3024,9
3025,8
3026,5
3027,7
3028,9
3029,9
3030,10
3031,7
3032,7
3033,11
3034,8
3036,9
3037,13
3038,11
3039,10
3040,11
3042,11
3043,10
3044,10
3046,10
3047,11
3048,10
3049,10
3050,11
3051,13
3053,11
3054,12
3055,11
3057,11
3058,12
3060,12
3061,12
3063,11
3064,11
3066,10
3067,11
3068,10
3069,10
3070,11
3071,11
3072,10
3073,9
3074,14
3075,11
3076,11
3077,16
3078,11
3080,14
3081,15
3084,1
3086,1
3087,1
3088,5
3089,4
3090,7
3091,9
3092,8
3093,9
3094,12
3095,9
3096,8
3097,7
3098,14
3099,11
3100,10
3101,8
3102,10
3104,13
3105,12
3106,1
3107,0
3108,5
3109,1
3110,4
3112,7
3113,7
3114,6
3115,6
3116,6
3117,9
3118,8
3119,11
3120,10
3121,9
3122,9
3123,9
3126,11
3127,15
3129,11
3130,14
3131,11
3134,8
3135,10
3136,10
3137,11
3138,8
3140,3
3141,21
3142,0
3144,0
3145,10
3146,11
3147,11
3148,11
3149,16
3152,19
3154,7
3155,9
3159,9
3161,1
3162,1
3163,13
3164,10
3165,13
3166,8
3168,11
3171,13
3172,12
3173,11
3174,7
3176,10
3177,9
3178,10
3180,1
3184,9
3186,10
3188,9
3189,16
3190,10
3191,1
3192,10
3196,19
3199,10
3202,6
3203,16
3204,12
3205,14
3207,1
3208,10
3209,1
3210,9
3212,12
3213,12
3215,12
3216,11
3217,21
3218,9
3219,13
3220,15
3221,12
3223,19
3227,9
3228,10
3230,12
3232,8
3233,15
3234,12
3235,13
3237,11
3238,13
3239,12
3240,11
3241,11
3242,12
3243,13
3244,13
3245,12
3246,14
3247,13
3248,13
3249,12
3250,2
3252,10
3254,6
3255,7
3256,1
3258,7
3259,9
3260,11
3262,11
3263,12
3264,9
3265,9
3266,11
3267,9
3268,8
3269,8
3270,14
3271,12
3272,13
3273,9
3275,12
3276,6
3278,12
3279,11
3280,16
3281,14
3283,12
3284,13
3285,12
3286,11
3287,11
3288,10
3289,10
3290,12
3291,9
3292,11
3293,10
3294,10
3295,12
3297,13
3298,12
3299,12
3300,13
3302,13
3303,11
3304,15
3305,11
3306,13
3310,8
3311,12
3312,10
3313,12
3314,6
3316,3
3318,1
3319,2
3320,15
3321,13
3323,9
3324,6
3325,5
3327,12
3328,11
3329,12
3330,11
3331,7
3332,8
3333,10
3334,9
3337,9
3338,12
3339,17
3340,11
3341,11
3342,12
3343,6
3344,7
3345,12
3346,11
3347,14
3348,6
3349,8
3351,10
3354,10
3355,7
3356,7
3357,6
3359,1
3360,16
3361,13
3362,6
3363,5
3364,11
3365,1
3367,1
3368,16
3369,13
3370,16
3371,9
3372,1
3373,12
3374,15
3375,10
3376,9
3377,2
3379,1
3380,1
3381,10
3382,15
3383,10
3384,10
3385,1
3386,8
3387,12
3388,14
3389,9
3391,10
3392,13
3393,11
3394,13
3395,13
3396,19
3397,13
3398,13
3402,16
3404,11
3406,1
3407,1
3408,3
3409,5
3410,6
3411,6
3412,5
3413,8
3414,8
3415,6
3416,13
3417,9
3418,10
3419,12
3420,10
3421,14
3422,10
3423,10
3424,11
3428,10
3429,1
3431,1
3432,5
3434,3
3436,5
3437,5
3438,4
3440,8
3441,6
3442,8
3443,7
3446,10
3447,7
3449,8
3450,8
3451,10
3454,8
3456,11
3457,11
3459,11
3460,11
3461,10
3462,12
3465,11
3466,12
3467,10
3468,11
3469,12
3470,14
3471,12
3472,9
3473,2
3474,1
3475,2
3476,4
3477,5
3478,6
3479,6
3480,5
3481,6
3483,10
3484,7
3486,6
3487,13
3488,8
3489,8
3490,9
3491,10
3493,10
3494,10
3495,9
3496,8
3497,10
3498,9
3499,11
3500,10
3502,11
3505,9
3506,10
3508,10
3509,10
3510,10
3511,9
3512,9
3513,10
3514,11
3515,11
3516,12
3518,10
3519,9
3520,10
3521,10
3522,1
3523,1
3524,1
3525,1
3526,1
3527,1
3528,1
3529,1
3530,1
3531,1
3536,4
3537,7
3538,6
3540,7
3541,6
3542,7
3543,8
3544,4
3545,8
3546,8
3547,7
3549,7
3550,8
3551,7
3553,6
3554,9
3555,9
3556,11
3558,9
3560,12
3562,9
3566,12
3567,12
3568,11
3570,10
3572,11
3573,10
3574,11
3575,11
3576,11
3577,13
3578,13
3579,11
3580,10
3582,10
3583,11
3584,10
3585,12
3587,12
3588,10
3589,10
3590,10
3591,12
3592,11
3594,12
3595,10
3598,13
3599,10
3600,12
3601,2
3602,4
3603,4
3604,7
3605,7
3606,6
3607,6
3608,8
3609,9
3612,11
3613,13
3614,10
3615,12
3618,9
3619,10
3620,11
3621,10
3623,10
3626,12
3627,13
3628,11
3629,14
3630,1
3631,1
3633,1
3635,2
3636,5
3637,4
3639,7
3640,5
3642,8
3644,7
3646,6
3647,7
3648,8
3649,8
3650,11
3653,10
3654,9
3655,12
3656,9
3657,8
3658,9
3662,10
3663,10
3666,9
3667,9
3670,11
3671,11
3672,10
3673,9
3674,11
3675,10
3676,11
3677,11
3678,12
3679,13
3680,10
3681,11
3682,10
3684,12
3685,11
3686,11
3687,10
3689,11
3690,11
3691,12
3693,11
3694,11
3696,11
3697,10
3698,12
3699,11
3700,11
3701,11
3703,12
3705,11
3706,10
3707,10
3708,10
3710,13
3713,12
3715,10
3716,12
3717,7
3718,10
3719,7
3721,9
3722,9
3723,6
3724,9
3725,11
3726,10
3727,11
3728,11
3729,10
3730,8
3731,6
3733,11
3734,10
3735,11
3736,10
3737,9
3738,10
3739,11
3742,11
3743,11
3744,13
3746,1
3747,1
3748,6
3749,6
3750,6
3751,9
3752,6
3753,8
3755,8
3756,7
3757,8
3758,9
3760,13
3761,10
3762,10
3763,7
3764,11
3765,10
3766,12
3769,13
3770,10
3771,9
3772,10
3773,9
3774,14
3775,9
3776,12
3777,10
3778,11
3779,8
3780,10
3781,10
3782,9
3783,11
3785,11
3786,11
3789,11
3790,11
3791,11
3792,11
3793,13
3794,14
3795,11
3796,12
3797,12
3798,14
3799,13
3801,11
3802,1
3803,1
3804,0
3807,5
3808,7
3810,9
3811,9
3812,9
3813,12
3814,3
3815,5
3816,5
3817,7
3819,9
3820,9
3821,12
3822,12
3823,12
3825,10
3826,12
3831,11
3832,13
3833,9
3835,2
3836,8
3837,6
3838,2
3839,4
3840,9
3843,12
3844,11
3845,14
3848,9
3850,7
3851,7
3853,13
3854,10
3855,16
3856,9
3857,1
3858,15
3859,15
3861,17
3862,16
3863,10
3864,14
3865,0
3867,12
3869,9
3871,12
3872,7
3873,10
3874,1
3875,12
3876,5
3877,16
3878,14
3879,9
3882,11
3883,14
3884,12
3885,3
3886,6
3887,8
3888,10
3889,7
3891,11
3892,14
3893,16
3894,10
3896,12
3897,15
3898,12
3899,13
3900,2
3901,9
3902,11
3903,1
3904,15
3905,15
3906,4
3907,1
3908,11
3911,10
3912,2
3913,10
3915,14
3916,11
3917,12
3918,13
3920,12
3921,2
3923,13
3924,3
3925,13
3926,8
3927,11
3929,16
3930,13
3931,12
3932,14
3933,10
3934,1
3935,2
3936,12
3937,11
3938,12
3939,2
3940,13
3941,8
3943,9
3944,16
3945,16
3946,1
3947,15
3948,13
3949,12
3952,14
3953,3
3954,8
3955,6
3956,8
3957,11
3958,10
3959,12
3961,13
3962,11
3963,11
3964,1
3965,1
3966,1
3968,1
3970,4
3971,5
3972,5
3973,7
3974,6
3975,6
3976,9
3977,9
3978,8
3980,8
3981,7
3982,11
3983,12
3984,10
3985,10
3986,10
3987,11
3988,12
3990,13
3993,15
3995,0
3996,0
3997,0
3998,1
3999,1
4000,4
4001,7
4002,5
4003,8
4005,8
4006,9
4009,10
4010,9
4011,9
4012,9
4013,10
4014,10
4015,10
4016,9
4019,10
4020,10
4021,12
4022,13
4023,11
4025,0
4026,2
4027,1
4028,4
4029,5
4030,7
4031,5
4032,6
4033,5
4034,9
4036,11
4038,10
4039,10
4040,10
4041,9
4042,9
4044,11
4045,10
4046,11
4047,10
4048,10
4049,10
4051,10
4052,10
4053,13
4054,11
4055,10
4056,11
4057,14
4058,11
4059,11
4060,7
4061,8
4062,11
4064,11
4065,9
4066,3
4067,4
4068,7
4070,6
4072,7
4074,9
4075,9
4076,10
4077,12
4078,9
4079,8
4080,8
4081,8
4082,11
4083,11
4084,10
4086,10
4087,11
4088,10
4091,10
4092,10
4094,10
4095,10
4097,10
4098,10
4099,10
4101,10
4102,12
4103,12
4104,11
4105,12
4106,11
4107,11
4109,6
4110,8
4111,12
4112,9
4113,11
4114,9
4115,9
4117,9
4118,10
4119,10
4120,0
4121,3
4122,8
4123,8
4125,9
4126,9
4127,10
4129,11
4130,10
4131,11
4132,10
4133,13
4134,11
4136,12
4138,11
4139,11
4140,11
4141,15
4142,12
4143,10
4144,10
4145,13
4146,17
4147,10
4149,12
4150,1
4151,1
4153,2
4154,6
4155,4
4156,7
4157,7
4158,8
4159,6
4160,10
4161,12
4162,11
4163,5
4164,4
4165,5
4166,4
4168,8
4170,9
4171,12
4173,11
4175,9
4176,10
4177,12
