INDEX,P_TARGET_FLAG,P_TARGET_AMT
3,0.1575189288,1753.460065
9,0.2808915926,3231.3708205
10,0.1097957152,1013.754375
18,0.1373368306,1406.3258766
21,0.0920489824,2833.994461
30,0.3381613131,1651.7699541
31,0.5294413978,1384.1162784
37,0.3705847229,1598.4175767
39,0.0157627312,845.37139573
47,0.104565021,1774.8809979
60,0.0330180833,1178.5323725
62,0.562970213,1705.7722077
63,0.8399994716,2091.5871738
64,0.1017301636,1406.6638957
68,0.0268228319,1078.2058591
75,0.4924439465,2222.7968214
76,0.7902339018,3379.8349907
83,0.2548331899,582.28134277
87,0.7042678514,2323.158362
92,0.512645172,2282.8524842
98,0.1331566873,2755.854315
106,0.3274829797,833.49604837
107,0.0404552257,1413.2064174
113,0.3580479327,1382.5873802
120,0.3390376282,1554.8824959
123,0.5415403154,1950.7221428
125,0.6130502969,2133.0365688
126,0.4884643446,2585.5820425
128,0.066387602,858.15472644
129,0.1737201452,874.57188121
131,0.088257116,90.953822093
135,0.6401258328,2733.2128655
141,0.0450888964,681.25836935
147,0.1947770659,578.16158326
148,0.1533022753,931.52280573
151,0.0860468612,2146.7100764
156,0.1896221779,1775.5902072
157,0.1674892381,1695.1521257
174,0.0786886493,-185.0636443
186,0.6107987921,3645.9914682
193,0.4438134179,1208.7085714
195,0.4690615674,1532.9039646
212,0.0200536817,569.31403202
213,0.6055851485,2848.4728307
217,0.0052446243,754.3410393
223,0.2020596531,167.81117003
226,0.0646803738,1488.9887455
228,0.4202915241,2644.6131935
230,0.0133821145,957.55119233
241,0.550330453,498.51716072
243,0.1093173335,-387.9159338
249,0.3472151714,2725.6511073
281,0.7822315623,3851.5704383
288,0.0589168486,1074.5234133
294,0.2758729246,3897.6783369
295,0.1899106771,816.05880421
300,0.5422009741,1957.3017177
302,0.44753532,2840.8439788
303,0.0833524899,611.68568105
308,0.5391649819,1450.5382847
319,0.0112186167,254.05291297
320,0.0340911996,218.03787167
324,0.5276416249,1521.7692758
331,0.1045886799,2620.8260818
343,0.0442361488,513.64197827
347,0.483730575,1349.7593647
348,0.8576447869,4163.4160673
350,0.530085923,3122.2433691
357,0.1941625633,351.79429216
358,0.0373609242,1435.1283735
360,0.019937695,1032.0377425
366,0.21074591,2558.0417426
367,0.492031686,2619.9678386
368,0.229281081,1159.4089619
376,0.6528948174,2691.1014383
380,0.2780616367,2137.5330958
388,0.3913315861,1697.034391
396,0.2921416498,2097.1591618
398,0.1650301383,1786.8884224
403,0.0407933909,1521.6066714
410,0.6069200334,1608.1068494
412,0.478458626,2902.9912343
420,0.4899092621,2290.2286543
434,0.0466695954,1872.7853123
440,0.4439410692,1450.2349075
450,0.6029113936,2748.8038069
453,0.2866067156,507.03278223
464,0.4428435079,1353.1486562
465,0.0365400831,418.0023039
466,0.8327912318,4400.6667793
473,0.0872922574,1466.4973217
476,0.0725614834,2538.7047598
478,0.0745482478,210.57610198
479,0.1910541374,2070.9210479
493,0.0392402679,1058.6826635
497,0.1664898401,2191.8221023
503,0.0077058024,765.68425971
504,0.399278556,1389.1647458
505,0.3618843998,915.59831037
507,0.1236055771,1203.2223459
513,0.4435304804,1609.3216249
519,0.4255941064,2195.9191878
521,0.5464111664,2461.3837091
522,0.6208743303,1383.1785676
545,0.0737956351,2181.7636495
549,0.0991394259,1020.7678308
551,0.1925613688,749.88227113
556,0.0851529164,1010.4015191
557,0.6346818931,3248.6643546
559,0.2547030033,1740.0727107
560,0.6706445542,2387.6716228
566,0.0496190948,1214.3791739
569,0.2084879309,1603.3345589
573,0.1905196116,2451.6000256
578,0.6721724053,1695.1792951
579,0.033965938,1200.2823036
582,0.012380688,1752.7055236
596,0.6851643844,3656.4979876
598,0.5686226549,2187.456355
599,0.1712562419,1930.2114582
602,0.3056215365,1383.0550758
605,0.8293592053,4024.4020646
617,0.615389133,1088.9112662
619,0.4200778272,2306.9383944
630,0.1852031317,1403.874091
634,0.4518301798,3423.5541712
643,0.3770753204,1065.5230107
645,0.3185483173,1797.7003957
647,0.2613941785,1902.4385018
649,0.0705748851,-378.1471206
656,0.0733854288,368.99016055
657,0.2401625066,1542.9747719
658,0.2694467244,684.56921579
667,0.0597631542,784.32182194
692,0.0652281227,1864.881459
693,0.2516329132,3062.0345155
698,0.8300896285,3436.5072138
699,0.5283395581,2040.4140162
700,0.043836821,577.79080121
704,0.1056352232,1249.5577311
707,0.0471088023,448.85604783
708,0.8427581532,3517.7895568
709,0.1190177806,948.64004983
713,0.1511192684,39.586042504
714,0.059134722,858.47502107
716,0.743161145,3750.0398302
718,0.1791189152,960.96107322
722,0.1082389524,777.01364086
729,0.3453811475,2951.8728564
731,0.0300155554,568.46812008
733,0.5318376943,3265.0926141
746,0.3412094627,2529.0475694
747,0.761183341,4837.1198159
748,0.4907301932,957.87130474
753,0.345280796,1751.6856307
757,0.3517221801,2258.7865731
763,0.029056808,2322.910581
767,0.1749916091,1136.9124598
774,0.5984251654,3256.8052242
776,0.4887797697,2932.3831475
788,0.2363159818,1681.8238763
794,0.3108150243,1495.4275487
799,0.1805779723,889.62403926
803,0.1486230626,1009.1487858
806,0.5667376612,3641.8064059
807,0.2130887628,837.12175707
811,0.0373908688,1590.2710684
816,0.0921398793,1544.5497297
818,0.288628663,1073.9384691
819,0.1349673852,1640.1229663
831,0.0713526001,1528.4702762
835,0.6797417093,2188.4531207
837,0.1799907239,1672.8509749
841,0.9030226211,3326.3399862
846,0.4123604658,1211.2146543
856,0.3836371362,1063.7338209
861,0.4886796568,2860.8142052
862,0.502832015,2014.1642461
863,0.7543599094,2969.1248138
865,0.6483172244,2008.3073848
871,0.5267847896,2555.2845091
879,0.3211880195,2092.4666313
880,0.094804143,173.18891927
881,0.2615574956,1165.9079319
885,0.3465619129,2078.5544709
887,0.3385765243,1731.7789722
892,0.0317424858,167.3005304
898,0.0408529585,-137.0757066
900,0.1710052284,933.52466438
904,0.2534859567,3271.5123907
906,0.5965243764,2338.3677368
910,0.6988032991,2932.0970965
912,0.3559078059,1565.9882205
913,0.3248227457,1060.8367013
919,0.0931000796,1145.62884
924,0.5168073408,1360.2294206
925,0.5458310974,2315.9295528
930,0.2007892892,753.94264891
940,0.2083623823,1419.0086333
941,0.1237528357,1126.4120565
946,0.2261501599,1766.4569375
949,0.4050499442,1166.5158693
951,0.0516547705,812.06508829
962,0.0407454419,1470.5950666
966,0.0580676509,1085.1285201
967,0.011658883,552.57389438
971,0.8125993264,2764.3844479
981,0.0211940052,2235.1067577
982,0.0433436578,1450.0187469
983,0.049476307,497.37450677
984,0.0437697299,514.92602077
989,0.2165177437,1164.884766
990,0.5370141358,2102.3295273
992,0.4207469695,2071.435504
995,0.1618854148,1150.929271
996,0.343983937,1787.3565317
998,0.3634193002,1798.746576
1001,0.0897389637,1814.5634266
1007,0.1744759214,364.01387355
1008,0.0723765359,274.42660456
1016,0.0460344338,1056.4750911
1022,0.0415317011,607.21132786
1027,0.4169449366,1725.9667647
1032,0.2932957423,1732.7979029
1033,0.1347326781,840.68933941
1041,0.2213778373,1852.0675904
1065,0.5557693126,1031.6113309
1074,0.3591264952,1816.945639
1075,0.3721926062,974.86580462
1081,0.1879609907,1514.0628719
1094,0.051594444,554.54504276
1099,0.0722711801,1838.6428535
1105,0.26433,2706.6842501
1123,0.0721967263,663.5261368
1135,0.0105767521,879.60557842
1142,0.246959618,1891.8406439
1155,0.0651597348,404.33384252
1169,0.0137211472,1111.8224668
1176,0.01551875,72.605119567
1178,0.6649702863,2458.4703646
1180,0.0249402259,1363.4249933
1184,0.1295220095,1267.6011421
1185,0.7117843047,3248.4729369
1193,0.3060981867,946.9576694
1196,0.1388948178,1565.6984652
1199,0.4556616252,1478.5261858
1203,0.2926232651,1653.3951999
1205,0.3943469565,1455.6541188
1207,0.0369905658,935.2884554
1208,0.4427386262,2426.9861453
1212,0.3989354814,2425.5371558
1213,0.6142248268,2262.2740316
1222,0.0602757668,1659.208235
1223,0.3088133825,791.46456586
1226,0.5370550226,870.79949734
1227,0.2883804711,2994.7555314
1229,0.1252225757,174.07257835
1230,0.3201850691,2351.558784
1231,0.6268615916,3173.5692281
1241,0.0616387135,2169.5248947
1243,0.0491177496,1107.6205053
1244,0.1288250736,594.02412361
1246,0.2356380189,633.57430077
1248,0.144575898,1673.0810142
1249,0.1446267678,1230.4575481
1252,0.0800593225,602.77962341
1261,0.1254219413,774.01634493
1275,0.1141556321,995.78663592
1281,0.8653837175,2694.7911009
1285,0.4827354096,2058.6905969
1288,0.5416589127,1188.4388298
1290,0.031549858,143.19931986
1291,0.2870416952,870.65806671
1304,0.8254059942,2523.3816892
1305,0.1264960348,284.39002554
1323,0.2263692845,1350.7741157
1342,0.6368114303,2726.0761814
1348,0.2078020136,3155.2641743
1353,0.3913209702,1504.4877891
1363,0.1901973958,586.44250285
1371,0.2054890101,1775.4934763
1372,0.3587564202,1528.7849126
1378,0.2698090382,1756.8373601
1381,0.3776632277,1094.1277826
1382,0.4711367609,1338.4402037
1393,0.5218529677,2126.5749031
1394,0.0299600184,1082.9788351
1398,0.4714808152,1675.5703316
1404,0.5492653795,998.83863729
1405,0.7356979171,2912.8865174
1419,0.4688523552,3453.7950402
1421,0.1234788011,956.08958954
1426,0.0805126177,2875.9928794
1431,0.5263254375,1516.5727808
1435,0.0112553359,1453.2383876
1437,0.3870533285,1639.9349862
1438,0.2463354157,1161.7973193
1442,0.527460934,2653.2393229
1464,0.0788963888,435.42764438
1471,0.3185006999,2107.0426247
1473,0.2560163092,904.68996162
1476,0.0503507996,1034.4164177
1478,0.3001054331,442.43981334
1479,0.4346830686,3020.9221579
1487,0.4129268002,1689.9710246
1492,0.3309654309,1699.1160023
1496,0.0897468707,1000.9557516
1497,0.5842964034,2094.9806554
1515,0.028054639,623.53664202
1519,0.265637211,1293.4218329
1522,0.6408549348,4749.645525
1526,0.2921552884,1919.6011249
1537,0.0400730342,437.37610734
1538,0.9099652973,3298.2064658
1540,0.2161328941,811.3414698
1543,0.1976143419,2130.5592287
1548,0.3702012557,1018.2970266
1549,0.1299547862,1162.1444134
1556,0.5220736123,2651.7678073
1564,0.0134741996,445.20453053
1570,0.4141224487,2102.7560874
1577,0.5914663039,2190.8564904
1585,0.1652247937,874.79609818
1590,0.2533673924,478.49930294
1592,0.6680829309,3009.2520277
1594,0.3499624823,1815.6979579
1596,0.4574762875,2243.3052757
1598,0.2717101188,301.79383344
1603,0.3636023501,1545.2911376
1607,0.3405221034,545.70710756
1612,0.0528350039,890.66081084
1627,0.0339601654,965.54332138
1629,0.7578654478,1932.3019079
1630,0.142731814,328.77335881
1640,0.1219497366,3949.6845327
1641,0.2589654185,2805.2412877
1646,0.1681191953,1216.7323045
1662,0.5478864468,1536.9652626
1668,0.1197905028,399.58739573
1671,0.0376924791,898.73402553
1672,0.5595756561,2029.6065085
1673,0.6459894903,4988.4708026
1686,0.270927492,2036.8537477
1688,0.7304533908,3008.4397465
1696,0.0366968028,859.79058046
1701,0.0415619579,324.0450018
1707,0.1189657959,571.07456162
1708,0.045152046,142.92588154
1713,0.0691153877,2003.7352973
1715,0.2131676832,1161.8523849
1717,0.0481636546,1553.5924734
1721,0.2150025231,1705.2526838
1724,0.8105966174,3981.1458082
1725,0.6418498409,3037.7737076
1730,0.1404485872,2937.8053156
1731,0.6980095814,2091.0442292
1734,0.4610616869,1773.2203183
1740,0.1775975156,850.88129272
1748,0.0179980687,233.94384209
1749,0.0864077144,337.76529933
1750,0.6048740593,1553.0602316
1763,0.2045105374,509.4036094
1768,0.0713764782,38.64067032
1773,0.5370645517,2252.972776
1777,0.0965976269,162.39256217
1778,0.4740788015,2702.3902907
1780,0.2044584149,980.74067151
1782,0.383487138,1333.3687405
1784,0.0595987509,1309.8880338
1786,0.1837654158,678.13253775
1787,0.1276347555,260.58213903
1792,0.3942106017,1134.9913979
1800,0.4074238258,2858.1623026
1801,0.2077986792,1169.7121596
1803,0.1310557313,218.85679843
1804,0.555091167,1189.6485731
1807,0.0191996939,369.15570264
1818,0.3139520533,1655.1840748
1821,0.0268379962,1038.9485356
1822,0.0655010517,2828.6331549
1828,0.0491766785,1059.6332706
1833,0.3609259575,801.9048796
1844,0.3698097195,1873.9186962
1847,0.4764814893,2476.241434
1850,0.0462518202,938.47322856
1854,0.4603417056,2574.3539903
1858,0.3590511246,1772.4164522
1864,0.1603916137,442.59079398
1867,0.1540678539,1107.7421357
1876,0.779002107,2162.1549095
1880,0.3924794142,794.2160972
1881,0.0678891366,2100.2744599
1891,0.3979515885,2042.2915677
1894,0.1798771706,1399.9758975
1895,0.0547469567,1369.8170688
1901,0.5648839919,2027.5595574
1905,0.0539169493,542.23058354
1912,0.4088980155,2414.8063134
1918,0.3440836649,2306.5056558
1921,0.5360671806,2432.1106561
1923,0.2891692098,951.39066432
1924,0.2048702554,1723.7426409
1931,0.0998486143,1286.1775414
1941,0.0727431586,858.97784482
1950,0.0788122165,-72.09969483
1951,0.1942804099,685.90367873
1954,0.0100228356,744.92528579
1961,0.1536569621,2547.6694608
1966,0.0093414556,1129.4128895
1979,0.1532705802,896.7146871
1982,0.073136568,534.13073834
1987,0.8008879743,1508.6323655
1997,0.2473904431,1983.6429023
2004,0.0215125418,388.01897603
2011,0.5896692841,1011.8014458
2015,0.4035738588,1444.687525
2025,0.0137694072,483.6498368
2033,0.3548965105,900.00147821
2034,0.0088653182,1550.2908255
2035,0.1533114497,2803.0892412
2036,0.5505657794,1845.2191298
2053,0.628740623,2845.157989
2059,0.7362597359,4143.8662826
2060,0.0157276593,1765.6604654
2073,0.2356223676,2032.4956328
2084,0.3003873151,2554.2533189
2089,0.070940758,685.86590496
2092,0.2759910537,1120.0543464
2109,0.4757150281,610.67840268
2129,0.4644444917,3748.6144988
2134,0.2863556894,857.692247
2135,0.0273548471,84.808952444
2148,0.0197986383,876.05875022
2149,0.0186254404,1505.3326334
2150,0.305307303,2011.4091251
2165,0.7437616686,3259.3153054
2166,0.0354742889,-629.1018343
2168,0.0369397044,1136.7817278
2170,0.1507723812,2432.7613823
2171,0.2068893723,382.55361438
2172,0.0154736988,245.8950602
2176,0.1212631161,668.50804118
2182,0.0690405392,-30.41320542
2189,0.1711210567,2149.3133637
2191,0.0685735265,956.23900059
2197,0.0204115703,863.870191
2202,0.1152649728,1208.1833895
2203,0.1401244389,1501.8998382
2204,0.6632959994,1612.1122505
2206,0.6851903157,3117.5568161
2218,0.0499057235,1208.1700443
2219,0.1496288465,2413.3201037
2221,0.5054112111,3018.7296424
2226,0.1064449507,1240.5192335
2228,0.3705041699,1030.7335816
2232,0.4934677181,2894.6145947
2236,0.2265750286,550.30394017
2241,0.8469273639,4658.4922499
2245,0.029025075,-129.7494168
2251,0.3584812039,1522.2188304
2255,0.0366154386,497.48743003
2256,0.0097702007,1073.5731239
2259,0.0178751339,693.59837301
2263,0.3756334308,2192.0545637
2264,0.025188262,1197.8687454
2267,0.0953156246,448.33929027
2273,0.7606969072,3932.5475936
2277,0.7468408009,2449.2749779
2287,0.2065030712,95.462045036
2289,0.2882961647,2684.818585
2291,0.0757491742,1599.9682882
2296,0.9274178319,2957.1484454
2299,0.0774590544,1237.1384324
2306,0.0468520412,1159.4356348
2314,0.1368367955,2152.297873
2317,0.0240254997,1713.746468
2318,0.771270789,2784.7941436
2321,0.8126242354,3183.8589703
2324,0.0330101922,1567.3399727
2340,0.3855660315,1577.2802538
2343,0.0499469339,914.77675317
2349,0.2943673626,1346.7375317
2352,0.1281242363,1798.5527181
2353,0.3571681425,542.61200376
2365,0.8618914649,3057.5343651
2370,0.6099795834,2278.707869
2378,0.1211936086,1334.834164
2390,0.4721815634,2156.0026442
2399,0.1483882862,2638.1058081
2402,0.6846472105,4119.6059361
2403,0.5315753851,1669.6654303
2404,0.0764862269,870.98850039
2414,0.0836109515,1181.2657311
2422,0.2900236266,907.71383586
2424,0.0724706638,1295.7596183
2430,0.5894271561,1437.0995275
2435,0.3266547043,1916.0988558
2439,0.0567423057,1090.8088085
2442,0.477753089,1634.9090948
2445,0.2346485491,2310.0014876
2449,0.2517386897,1948.5734308
2451,0.2605707588,816.07167646
2461,0.8039308298,2761.4415266
2464,0.1077984274,1353.4292853
2465,0.5626372924,2902.3101085
2472,0.0648738487,1234.6171794
2476,0.4091591001,2212.8158966
2482,0.2279001657,994.27780627
2487,0.2431464369,2512.4829142
2498,0.2342532961,2625.7479668
2501,0.0640123151,217.7933422
2504,0.2972374639,2466.8571239
2511,0.2724076631,2010.6192694
2518,0.0307171116,1676.962315
2521,0.136592671,1334.039359
2530,0.0777670945,1542.562319
2543,0.49323674,3183.9766142
2545,0.3754306593,2394.0512589
2561,0.4166951945,1170.2746862
2566,0.5500022116,2130.9094517
2572,0.19663349,1530.724154
2577,0.1788276936,937.11905739
2578,0.1012922843,682.61616661
2580,0.2683146281,2028.1905011
2581,0.1603656149,1698.4213153
2582,0.0402775109,1162.2081021
2584,0.0421879721,347.11317712
2590,0.0292565159,714.76907602
2598,0.0066059418,745.72937981
2602,0.200778717,1589.588817
2605,0.026262965,2399.4540295
2616,0.2002639664,499.70284029
2618,0.2303251054,945.22097427
2619,0.3736973319,903.1620633
2624,0.0348162019,254.74592585
2632,0.1616959106,619.78553825
2640,0.2110492634,867.62606045
2646,0.0134800953,505.39282138
2651,0.1493684043,719.35641769
2660,0.0232539796,-209.1932303
2661,0.0336970376,500.02251296
2668,0.0674916694,1418.4255332
2670,0.4184744848,1892.0672612
2680,0.3998096286,2045.2463892
2681,0.01523487,1252.7961067
2689,0.2597790068,1905.1000882
2694,0.0364605972,678.19484162
2695,0.8951123187,3987.272924
2696,0.524127027,2155.6919329
2702,0.0332160903,1784.9832589
2704,0.1313662012,1559.5361833
2708,0.0859980876,1721.9970615
2709,0.0462176333,224.61578141
2714,0.4782032877,1901.9707693
2716,0.0789823129,451.0580772
2723,0.1089540984,867.81128703
2725,0.4595245571,1974.2264024
2738,0.0737391741,1658.3399439
2750,0.458216702,2003.1685128
2756,0.3235683433,1822.8976001
2758,0.0921455603,338.34282291
2766,0.396732503,1235.1777844
2767,0.3503506108,1617.6065228
2771,0.2512071242,1091.3405761
2775,0.5230676672,3096.9629827
2776,0.1306370109,1431.0552765
2779,0.9534722442,2969.8899266
2780,0.3625333886,1870.1972649
2781,0.3338275181,1783.6256533
2782,0.4650843882,1916.4725323
2783,0.1238476469,470.92474032
2796,0.1415939338,1033.970544
2798,0.2838711189,1244.6263858
2800,0.0551661171,806.70411002
2803,0.0743908765,876.69576187
2806,0.0042096713,581.64277071
2813,0.1209416742,1257.7689732
2818,0.1468919375,1488.5300524
2821,0.4284289239,1344.0755372
2825,0.1998687633,1625.068309
2829,0.0309324158,1442.8958532
2830,0.5553466411,3148.4473266
2833,0.0974334682,444.8599351
2839,0.8643712469,3701.5050402
2843,0.0365593186,76.613984762
2846,0.0458190699,894.90419697
2847,0.0958129964,1005.1143914
2848,0.2221198091,1870.2323953
2856,0.8709236551,2863.5149996
2863,0.4141521945,2151.444383
2867,0.4154445275,1764.0432771
2869,0.1423138779,1449.7823024
2873,0.0089440223,610.29705313
2874,0.4202365004,1443.9239337
2875,0.4448806923,2260.6185676
2880,0.572156464,890.04861074
2886,0.5903034379,3220.9881324
2887,0.3527125511,1529.2467001
2888,0.2011905727,1691.6498107
2889,0.6738613817,1700.4577583
2890,0.499302656,1677.9589318
2892,0.2385886439,2274.6579757
2901,0.1541252179,1884.6561104
2902,0.1678800631,1237.0218365
2905,0.4322994251,1510.2544389
2917,0.366415779,2751.0087648
2922,0.5474458165,3112.8381361
2924,0.0682222144,2189.9078376
2930,0.2221429895,1358.164975
2931,0.1033226514,651.93136357
2946,0.1228733634,1659.4451888
2955,0.4469147795,2091.0984204
2962,0.0139228687,775.91172443
2964,0.0150947028,791.80655576
2965,0.5825850418,2414.8139146
2967,0.0234906958,1489.8252725
2970,0.0343108017,620.82864377
2973,0.3851370793,2356.5695271
2974,0.2862004607,1247.639203
2976,0.7318807933,3742.2260267
2977,0.1874886575,1439.2581392
2978,0.1917256179,1635.9031267
2986,0.112445576,614.43625153
2988,0.4720225598,2595.5346844
2989,0.2332236426,1625.0870152
2995,0.8526628045,3466.2965404
3005,0.5846461638,2524.4824831
3011,0.0981550263,974.44782837
3013,0.0269624601,614.38225226
3019,0.4579757654,2334.3904007
3021,0.0189484997,1612.9891018
3022,0.3987877563,916.47284615
3029,0.1222360515,2067.5326704
3037,0.1818625527,1264.9697139
3042,0.390601497,424.61169567
3043,0.2199850454,1345.8374169
3049,0.0843769521,935.98173088
3050,0.7331724557,2824.2511819
3053,0.2216332804,340.82742762
3058,0.1539545545,2131.0553131
3062,0.2218234492,1824.1906874
3063,0.4035687655,3544.867077
3065,0.0324783572,1690.5787511
3080,0.0452009808,-7.949225381
3088,0.2070599701,2271.6280039
3093,0.4055370916,2226.6299415
3096,0.3230539719,1082.2901116
3101,0.3629214036,2351.5697686
3103,0.2416286932,3006.3650251
3107,0.2914762775,1545.2271838
3109,0.0308381804,814.50371029
3111,0.0934319858,35.252625864
3113,0.8505838281,2705.6180292
3116,0.0041698284,604.82832561
3132,0.1624088497,1846.9729597
3141,0.2020367784,273.27364706
3153,0.3019087206,1989.6541878
3154,0.0476590525,987.7060002
3160,0.1913306737,504.45652601
3167,0.0709232452,851.99940082
3170,0.4752193813,2394.8345779
3173,0.4783060362,1168.5463691
3174,0.3064866986,2127.1403183
3177,0.1808181643,581.36285533
3179,0.2157661628,1110.8953446
3184,0.3938871247,2497.7294924
3190,0.4405026383,1262.0228332
3193,0.0573110298,663.09011991
3199,0.437045738,1726.8133924
3201,0.1209989308,1441.2684619
3202,0.2178011782,213.39062179
3203,0.6249691954,2587.4131323
3206,0.6197124092,3342.1012515
3209,0.043733868,1184.3610467
3210,0.4790032696,2663.9887774
3217,0.3600343472,1525.9100767
3220,0.1218466157,2087.9192864
3228,0.2841514221,2626.0967465
3232,0.0229420162,-195.1841813
3239,0.1491940301,1076.9585408
3243,0.5560868691,2549.4454667
3245,0.162215488,382.6567796
3246,0.4723846893,1575.0841481
3251,0.0328425942,348.17307773
3253,0.3139456536,1550.9926831
3257,0.0876117045,1862.9177442
3260,0.011734479,893.13023705
3261,0.2619974016,605.13073518
3263,0.3645566826,1676.1883372
3278,0.2321848071,850.99892956
3281,0.1169577055,1972.6940324
3283,0.085629436,1388.4995062
3290,0.0461780632,1331.3117851
3297,0.4218862591,2239.9490919
3304,0.0527632763,-146.0101659
3305,0.5411850627,760.03297652
3307,0.065726327,111.67195579
3308,0.2670656078,2581.954198
3313,0.2767623888,1076.9980243
3314,0.1739429758,2200.5481518
3317,0.1522989087,528.0254539
3348,0.0344305426,923.31736145
3350,0.2330690802,1780.8438852
3359,0.0326604791,817.2987646
3367,0.0364656474,446.1772861
3376,0.0924007327,1219.4128567
3378,0.3076049984,1937.9339559
3384,0.7378459577,3671.832916
3386,0.0903577926,1054.5141392
3387,0.0782979988,-116.9590605
3388,0.2188441662,2533.8690294
3390,0.0310774142,1599.7110481
3391,0.3277249845,1063.1022397
3396,0.1832270532,1707.7127433
3398,0.0359774789,1255.6746471
3404,0.0226564415,124.42232137
3406,0.0229409309,1241.7405615
3407,0.0499179186,871.81599952
3414,0.0689393674,424.43721161
3419,0.1411107612,27.582424677
3423,0.6297991902,2535.8517211
3427,0.0459540972,1384.6726802
3432,0.0466133942,272.0904031
3434,0.0309935341,563.29631497
3438,0.0181853744,895.4630778
3442,0.1466839499,547.89357822
3443,0.04922289,1508.9414852
3448,0.0609232746,775.51745717
3456,0.0879657525,1593.6582996
3464,0.1410965483,510.67598189
3470,0.7827638998,2347.5542113
3475,0.4912355102,2076.1641442
3477,0.5187917358,1458.4377545
3490,0.0557554695,403.91986102
3493,0.2188129829,944.6985461
3502,0.4055007645,2303.7574259
3508,0.0368324532,1634.8236348
3516,0.1086158361,760.9726444
3517,0.2359470948,2102.5893975
3525,0.3326216098,297.89653579
3532,0.7505672303,1456.3661781
3535,0.3468913279,1132.1934514
3536,0.7284622008,3043.8593868
3540,0.1446806409,1699.0178755
3547,0.4789783555,2579.8366464
3550,0.4923556401,3203.2670942
3557,0.7719893085,2970.6063121
3562,0.1359961531,1881.6552163
3563,0.0614766304,270.66115104
3564,0.3016421074,809.36895245
3570,0.1133037292,1281.5934313
3573,0.3691860207,2902.4320571
3577,0.5059891402,974.07124007
3579,0.6343909728,2284.6555298
3581,0.0614173969,700.03096093
3587,0.2167568883,292.58903204
3602,0.3640826527,1770.3538644
3609,0.2916751503,2106.2395677
3612,0.1498489704,-35.47359435
3621,0.3966266679,1051.5403456
3642,0.2550112088,576.98586693
3647,0.7374844185,1889.3998934
3649,0.5644692203,3024.5116375
3654,0.4495067456,3407.7928165
3660,0.5615282836,1653.1148463
3665,0.6908881659,2629.0425853
3669,0.3760887971,1546.5863743
3673,0.2963989371,1992.5036142
3675,0.5474175838,1456.9385385
3678,0.0995547275,2463.0792289
3680,0.4244029281,2057.7217344
3686,0.5624414619,2689.7373474
3693,0.3421579358,1530.090935
3710,0.6059118513,1739.3724761
3713,0.0368206596,969.35571399
3718,0.512949537,2111.6094858
3725,0.0696429198,2498.8065003
3726,0.3668119191,1281.1593265
3747,0.1742237553,1148.7748213
3753,0.0175789994,903.61343735
3754,0.3389727645,1930.8955163
3760,0.8265228757,2190.4038562
3763,0.0303588321,695.53685991
3765,0.2703256183,2519.8509889
3769,0.2719524809,1410.9070271
3771,0.4627446857,2641.0591378
3784,0.0709425608,915.19713941
3787,0.1516994721,3473.0040382
3794,0.4310609173,2333.1227921
3796,0.07088241,1070.0048966
3798,0.0506816168,427.04274525
3809,0.1618376436,1159.5096042
3812,0.3501775277,1132.8657398
3819,0.1791159535,1132.5528361
3828,0.2521005043,1094.765409
3831,0.2290251962,657.37752433
3833,0.0949105725,278.65797469
3837,0.8650053325,3988.9888289
3839,0.6500718159,2490.6028945
3843,0.4300332845,926.10966953
3846,0.0892485022,1358.9306755
3854,0.0398332297,1182.3045508
3861,0.0447348516,-393.0154294
3864,0.4129119379,902.9769566
3868,0.0457722936,916.07960966
3869,0.1034669547,1269.2935764
3870,0.1470682364,1252.2151304
3883,0.1769350167,1215.9909368
3886,0.0463597314,610.37472816
3889,0.3067184195,2507.3420356
3894,0.3439923765,1756.2059648
3907,0.0481812113,984.39669906
3910,0.0655455757,1112.6140261
3913,0.032999709,476.87458607
3914,0.3871595358,2273.2466787
3921,0.2934580571,1254.6274658
3923,0.0196626822,1576.0472602
3929,0.5742187032,2184.0946935
3931,0.5988244421,3167.2412825
3932,0.3488844364,3054.6282339
3937,0.6162644856,1634.6318519
3943,0.294060909,1109.7414453
3956,0.5826925134,2267.7368072
3957,0.4756857758,1144.9043269
3961,0.6051951504,1909.7944373
3971,0.1982761062,959.8191923
4004,0.2218669773,783.03291058
4005,0.0374782182,1043.4678921
4006,0.0110835728,486.77055055
4011,0.1250174882,1353.2779948
4013,0.1214578168,920.53087918
4014,0.0664432104,615.02184563
4016,0.443027599,1839.6442999
4017,0.0161940699,1017.6835696
4020,0.1039299551,2125.0128149
4022,0.1046668983,999.66907995
4026,0.2379683349,1379.5178807
4032,0.1186025944,1258.906871
4043,0.1350612157,1712.646335
4045,0.274959567,702.78208603
4048,0.0860376799,520.35256971
4051,0.0601650343,2502.8897455
4052,0.3178469136,1860.6763893
4056,0.0428836842,1014.9363165
4059,0.024578201,-117.953127
4069,0.0287621648,1720.1859534
4074,0.4921073079,1747.236154
4076,0.3547328086,1177.6850445
4077,0.6405892228,2949.1221185
4079,0.7898530043,1792.1412766
4081,0.6893377123,2487.8066103
4088,0.156493784,344.30128195
4105,0.0757501244,1947.9567821
4125,0.2579353265,399.46690812
4134,0.6023977505,1990.8690538
4139,0.0045141318,1200.3736108
4146,0.0502265933,1581.8126127
4149,0.1146918311,889.38247464
4151,0.8024448565,2135.5272991
4155,0.1307820187,714.44300525
4157,0.1056580842,207.11921411
4168,0.5017868963,1842.262758
4170,0.3620253995,2311.6444784
4174,0.0695168058,312.18190517
4179,0.4309439846,2628.2582722
4185,0.0988242969,-182.0694836
4199,0.5372199162,3208.9584726
4205,0.0871078861,310.41144977
4208,0.0234275639,201.47532152
4211,0.6488988667,2925.0042352
4212,0.0467431537,556.3139884
4215,0.6569052585,2912.5850756
4217,0.1618069321,1427.7376693
4219,0.8500854299,3611.3890456
4226,0.5067272836,1474.5892799
4227,0.3967471612,1589.1194722
4229,0.0583136133,629.30779573
4231,0.0938985802,1595.1318092
4233,0.0082857911,87.005246059
4237,0.4311533115,1706.8185846
4243,0.3366859837,1392.4670897
4248,0.1367026957,1809.176147
4255,0.0742462254,1301.5296362
4262,0.0369069481,1067.20986
4266,0.5777653973,1881.4639011
4268,0.248528183,1560.0239106
4270,0.6830853087,3462.9926303
4273,0.0338862981,1272.3836461
4276,0.0720218974,170.39356432
4277,0.1322886944,868.12502776
4279,0.3388774844,1264.2458943
4299,0.092473525,614.88695336
4313,0.0294049813,22.268608181
4322,0.024821391,1052.1876489
4324,0.0535414967,1512.0386912
4328,0.4103488063,3222.1902844
4331,0.2667764024,1252.2574981
4335,0.0516935353,1557.7658037
4337,0.6009508663,2193.646684
4338,0.3692231787,1565.6470128
4343,0.0707929891,1644.6711625
4347,0.0828062797,150.92373936
4355,0.7242866942,2549.4454921
4357,0.0028349114,621.52849597
4359,0.0299484918,339.66816804
4362,0.151581763,3099.6440176
4368,0.577582284,1006.9195688
4374,0.0608237626,296.08352184
4375,0.596429649,1724.1590248
4378,0.4726118292,2462.6159303
4381,0.7761178513,3291.8372564
4387,0.1001648552,2396.8807067
4400,0.0251193892,-446.8870767
4423,0.2254770878,709.26836268
4424,0.0358583483,1096.7223568
4428,0.4295202397,686.27055616
4433,0.7128792528,3287.599534
4436,0.42156571,1743.0283526
4437,0.204935551,604.58780147
4439,0.3098428222,1948.000248
4449,0.197289944,1974.6231235
4456,0.122921635,203.67349842
4463,0.0759580716,1051.1248227
4467,0.0731353084,436.58650093
4468,0.0467175541,1242.5664286
4469,0.0270835509,550.5176358
4472,0.1596475181,2076.0123875
4473,0.0307087687,1498.2160439
4476,0.733175528,1628.4681531
4500,0.0181062646,464.53515308
4509,0.2016309714,954.51977955
4513,0.8884139094,4067.5654792
4521,0.0328371281,2515.8854887
4527,0.5685377544,2560.15801
4530,0.2259496141,1969.7702357
4532,0.561270166,2376.7039948
4533,0.0992940379,388.19203893
4535,0.2793685956,2057.1672053
4536,0.283446552,2546.0467721
4542,0.3279627044,575.55132914
4551,0.8436098514,3442.6988687
4554,0.0694252394,1024.9946036
4555,0.7437770952,2336.7135924
4564,0.2207098953,2141.914801
4572,0.5186092951,1762.4179441
4573,0.1376322589,1578.5062194
4577,0.3904898972,2338.6851483
4579,0.1697273554,1029.5506468
4583,0.1269360384,82.353880224
4584,0.4171857445,1020.0307985
4596,0.0570841296,1284.5263857
4599,0.2077532847,1366.1205594
4607,0.6164392462,3091.4317199
4609,0.42893354,2146.6794553
4610,0.0437336275,386.71391932
4616,0.4833421056,2324.6657387
4617,0.381910054,1768.0435145
4633,0.2653466662,658.65853462
4638,0.3084644793,1524.0001824
4641,0.0349849214,672.8129709
4653,0.5682202022,1998.6568369
4655,0.2395025276,2054.1302546
4659,0.3186390852,951.57207944
4669,0.1015834691,967.73509554
4678,0.0602633059,1916.6184131
4685,0.7005623484,1791.8197773
4686,0.173054382,2462.0337066
4691,0.3106042017,1876.6168581
4695,0.0897964048,1918.0560494
4698,0.1264511698,3385.984893
4700,0.7070451539,2504.4307202
4711,0.0484447766,1047.5765976
4722,0.0447771381,960.88489024
4727,0.4020644508,1971.8946662
4756,0.0084496304,496.54393896
4762,0.3398979424,1303.7438082
4763,0.3261866563,1598.1603926
4766,0.0911378725,1831.7750617
4770,0.1616901993,676.15173636
4784,0.3555237502,1808.82536
4791,0.0933295113,1319.2904293
4795,0.0494643393,295.61391174
4799,0.592347692,2319.8289372
4802,0.450106872,1422.9273262
4805,0.6347268649,3389.15711
4814,0.6202879357,1405.2145769
4816,0.4100865183,1365.8727446
4817,0.06093291,1200.3457619
4822,0.289958942,1516.020423
4827,0.7455689234,3211.0983217
4833,0.1750806549,788.35407036
4836,0.0214442199,2109.810814
4842,0.1759713449,2077.3088039
4844,0.0395837949,313.2167177
4845,0.3676444393,585.12593016
4849,0.2114738488,275.85659578
4850,0.2464895732,1964.8979266
4860,0.0396122178,976.50933612
4863,0.3227743478,2192.8742976
4871,0.1712339464,3461.6762973
4878,0.311907153,1989.8795112
4881,0.7431162356,3532.7474075
4888,0.4795879901,2125.8155548
4900,0.2285631549,2116.9140112
4906,0.5103145413,2987.9902546
4909,0.0316865631,680.55712891
4916,0.1191160063,444.25986277
4918,0.3353141298,2196.0082458
4926,0.3311881404,838.66944187
4928,0.1094377135,1316.2625739
4941,0.3436030648,1674.0090514
4946,0.1218497927,745.6886707
4949,0.1082827104,517.49970735
4956,0.0290274459,913.58922783
4966,0.0473496428,796.33219491
4969,0.4774213778,1443.4662433
4973,0.1091283282,-34.55885281
4978,0.5822779073,1574.4207121
4982,0.3368948888,2122.4852066
4985,0.0309985458,694.56705772
4991,0.1782666547,636.84771586
4998,0.0304026579,834.52274757
5000,0.6310157329,3107.8360013
5004,0.4553172781,1863.781385
5005,0.7545339989,2829.261167
5011,0.7908335981,2524.427854
5016,0.6081810408,1954.8244445
5018,0.0382737083,1346.46785
5034,0.2090279638,429.78853033
5038,0.0269443308,812.60121564
5042,0.1191231728,2332.2603701
5046,0.0584217817,1401.435672
5051,0.1924523263,1408.8204558
5054,0.1540522336,720.45608405
5057,0.4440252104,3213.666832
5062,0.0449099741,570.57925944
5063,0.0456686797,521.55268182
5065,0.1666582078,1655.1609494
5066,0.106271966,1197.1890403
5076,0.2472692181,216.14140769
5089,0.1749267592,592.91675077
5092,0.4689814559,2472.7772565
5093,0.6992403353,1880.0776391
5094,0.0200122696,1471.3680036
5098,0.8251712339,2348.0691079
5102,0.0445250419,967.52619253
5112,0.2579813411,1960.0039243
5117,0.5372734877,2411.6700739
5127,0.6164282115,1696.2112477
5130,0.320170917,2015.9999888
5131,0.3656696996,2567.1458566
5132,0.6335489042,2078.216086
5135,0.6408024218,3331.8525662
5136,0.0225851502,171.17596209
5147,0.499011385,3048.4901186
5157,0.0861891236,1695.5369774
5160,0.277788507,1652.0262474
5165,0.0130042386,1012.5612404
5166,0.4311336716,2066.5844108
5172,0.502208918,2667.0434924
5173,0.1798010116,642.48775808
5179,0.835014425,3554.4544526
5184,0.4694407174,2135.2195786
5187,0.0563295018,3561.7478929
5191,0.0648488495,652.97053803
5193,0.1518478412,739.34330573
5194,0.1247929897,2119.6542466
5199,0.2513841919,1624.3968504
5212,0.0233745829,-366.0995403
5213,0.6304033173,489.71400449
5224,0.3064813415,1957.0289311
5226,0.1252691587,1109.3959547
5239,0.2168851576,746.90690919
5252,0.7667175839,3449.2796611
5264,0.1516955705,1422.7185657
5266,0.0143671042,661.24880844
5271,0.0242426006,1036.5027528
5273,0.0276021509,882.94800302
5276,0.7373365827,1883.1845337
5278,0.0392481714,147.80418681
5281,0.5876366082,3192.1560126
5283,0.5088511076,3502.144031
5291,0.0431301983,373.02339106
5294,0.3342185194,2040.050582
5296,0.5261557927,2324.9127915
5297,0.8592531438,3437.8199891
5313,0.0272146514,1220.9835958
5314,0.2071925607,360.74178624
5321,0.3042849093,1783.3670203
5325,0.0095713405,727.30620483
5326,0.1341550672,734.52057281
5328,0.0087844699,566.94579763
5334,0.1182188036,1599.0109629
5338,0.3729640835,1454.7084382
5344,0.2335014862,1947.3582043
5348,0.1231760327,2398.2203393
5352,0.1712606109,581.39571401
5353,0.0824269224,1135.8411082
5354,0.3509849178,2293.4339731
5361,0.8521327932,2861.8834857
5364,0.0177767571,483.4988688
5365,0.1046100761,161.84490296
5367,0.4654364995,1100.3758055
5379,0.4444995924,1439.3184736
5382,0.5020045981,1635.923219
5386,0.2683413395,797.88611733
5395,0.0611394187,313.36336115
5410,0.1729431927,2622.3224631
5411,0.1596961533,2108.7326059
5416,0.4650709938,1368.5827594
5424,0.6529297314,3121.2044064
5426,0.2356481019,2196.1532257
5428,0.30305632,1538.4253416
5430,0.2651885208,1088.4644588
5433,0.1982779591,351.40782221
5437,0.0046534991,241.88971469
5440,0.2060397189,1082.7808507
5442,0.7968986243,3096.6083792
5445,0.4484891412,2722.1587582
5449,0.1492452802,416.87619821
5452,0.4664986543,1765.8199827
5460,0.6352265103,499.84422099
5461,0.0461307552,1609.9386799
5465,0.1098711057,2093.2547109
5467,0.093876826,925.30469399
5471,0.333837771,1020.1731242
5474,0.452114444,3508.8130793
5475,0.0377584211,-308.5291971
5480,0.0289290855,721.37233189
5481,0.1882028155,1495.1831216
5484,0.0914798742,1283.2930577
5494,0.1206441885,2126.5831032
5495,0.7370249623,2289.0876084
5497,0.0639708286,1136.7477873
5499,0.4357532251,1939.2985257
5507,0.0466950268,1046.0965926
5510,0.1021600124,1023.8299933
5515,0.1336271545,1979.1425174
5516,0.1174195868,1278.2133489
5517,0.2458075613,694.23860382
5524,0.0742060829,327.70883261
5530,0.1369651594,1618.8309322
5534,0.4145685941,2205.5689232
5543,0.5574235122,1711.9647008
5545,0.62952479,2131.6962909
5558,0.3439672785,2862.4317241
5562,0.1541114799,258.79457909
5573,0.8252937769,4252.9394928
5581,0.2614444931,2025.2788641
5583,0.5251025928,1603.9449641
5587,0.5382181406,316.7696944
5589,0.8564973188,2409.5392821
5591,0.0975019153,707.81962158
5596,0.376000215,2521.6190492
5606,0.7821538425,2650.1715382
5608,0.163028079,1563.2308047
5611,0.088055392,1165.5605559
5612,0.3083480152,1873.3619245
5614,0.2447363911,1043.4005559
5620,0.020389771,633.99154096
5623,0.1037837451,865.70893846
5624,0.0737698916,2245.0128724
5626,0.2371006691,2416.9547698
5633,0.2642606714,1507.5792058
5635,0.06760094,456.68015461
5640,0.5156370074,1712.5306761
5643,0.0869763283,1237.2106035
5644,0.3935262695,-15.14759206
5653,0.3783065262,1453.0527574
5663,0.0203987447,658.41853368
5664,0.5828715065,1635.8898889
5667,0.5099575592,2673.8733452
5671,0.5124547987,2291.8088918
5673,0.5530284338,2596.034821
5676,0.0536916918,810.47227829
5678,0.0778788049,625.92223586
5698,0.3095801311,893.02624236
5700,0.0207379392,672.58118378
5705,0.3038527688,985.24661477
5706,0.7279384322,2559.5596777
5711,0.0586364257,635.11490379
5712,0.880028699,2771.6847531
5716,0.3535398438,2177.7189458
5719,0.37010844,2589.4030108
5725,0.8412879842,1011.4380767
5728,0.0699576788,1102.9122397
5734,0.0776254448,2142.3374513
5735,0.0419928201,1385.5148278
5743,0.2687142187,1558.3260202
5754,0.2228944655,807.61631991
5755,0.3908851413,1680.8767195
5756,0.1196542613,746.25456245
5766,0.0158162837,458.45778453
5770,0.5803725111,1437.8245673
5774,0.2022995858,1291.3615369
5775,0.0245830956,169.90269573
5776,0.0865359017,1095.7001193
5778,0.0315333059,1146.0238361
5786,0.4166036347,2551.3892186
5787,0.3582706469,3091.0751429
5791,0.2064171856,2190.7955798
5794,0.2064283205,2025.8146479
5803,0.2053016074,605.08408948
5804,0.2471154353,1436.6776145
5808,0.1215593852,1476.479161
5810,0.0222786672,1347.5985184
5813,0.5575211295,2527.8557262
5828,0.1282454486,2151.1406191
5839,0.2302451772,2184.9825652
5842,0.3846855759,1850.3649756
5843,0.0283219783,253.15740078
5844,0.2468505357,2175.3494034
5847,0.6950974023,3122.553861
5851,0.0199550744,449.11377773
5854,0.0281769651,1697.5443471
5857,0.0161159317,349.58534207
5866,0.5253255661,3103.121627
5874,0.4782342589,643.86932966
5886,0.0591716511,1208.682457
5895,0.0959181444,-24.23916863
5897,0.0555613999,-114.8661047
5898,0.2488238415,972.3702129
5900,0.8533170348,5172.3279687
5902,0.4280482087,3050.9308313
5908,0.6785307013,1743.4759089
5909,0.0211496214,1478.0336039
5912,0.0296990519,555.60346953
5913,0.0834799175,1008.8031797
5917,0.3655626705,2021.1899393
5918,0.6524498732,3255.68214
5921,0.1116083674,1982.2723041
5931,0.2675911815,426.44303018
5942,0.4445041952,814.37508235
5943,0.6894557568,2327.3871637
5950,0.0185822982,468.62118586
5954,0.0053814867,1166.0568094
5983,0.0165609169,267.6066513
5995,0.7998062855,3705.7017781
6002,0.1378090449,939.49256718
6005,0.014118398,854.1155877
6009,0.2282868717,1653.664189
6011,0.0038977417,773.08071824
6012,0.0117546786,714.29748965
6019,0.2054596086,1161.3227074
6021,0.1578687368,2455.8011141
6029,0.8040525784,4196.4225024
6036,0.3537684381,1793.7053325
6037,0.0045118219,703.13282407
6038,0.030115271,-112.350224
6043,0.03217239,1200.2946276
6045,0.1622502194,1407.7386635
6047,0.6075557256,1502.5223048
6048,0.0193927776,62.035038772
6061,0.4060139155,2432.476471
6063,0.1609212121,415.96853681
6064,0.0630464135,1707.4798037
6068,0.6910199658,2591.0219364
6069,0.0364066252,310.5951629
6070,0.5311649443,2209.1821106
6071,0.20616086,1246.4391605
6074,0.28867358,3075.5421862
6079,0.4511696234,2005.5937253
6082,0.0145814188,610.49455378
6088,0.8853169495,3191.175292
6094,0.0711664449,1199.6648865
6095,0.2947697668,677.18619467
6098,0.3240642721,2341.0249367
6102,0.0214106125,758.25192573
6105,0.4089649388,1910.2266528
6113,0.0554564757,752.31594258
6116,0.308711966,1493.8918359
6120,0.236098359,1592.5469637
6121,0.4077638225,100.71938005
6126,0.3523941269,1309.0040495
6144,0.1434328371,1669.7983682
6145,0.0425628556,1189.3745203
6153,0.2877936747,1782.5318544
6156,0.1085269655,47.711275616
6159,0.2517357237,818.41906128
6162,0.0663535728,3199.2584384
6184,0.7124653785,2402.21686
6188,0.3951929341,1659.4446049
6189,0.2111996541,3476.6617685
6191,0.4371625064,1963.3645675
6211,0.4917993645,1632.6466536
6216,0.2028985707,1269.1675652
6218,0.5597407018,1795.364402
6222,0.2460708735,362.73360477
6235,0.2518166017,655.82402357
6245,0.1445384295,1005.3309959
6248,0.571306369,4181.1118461
6253,0.3082138953,1210.5374595
6256,0.0072388323,762.86122227
6257,0.4155305254,1431.2268625
6259,0.3432335917,2448.1074491
6266,0.1129185089,1366.0525243
6268,0.2601649404,886.2961525
6275,0.2662100955,2817.6462959
6280,0.6606707079,2875.5508264
6283,0.4203236617,1175.3401172
6288,0.059367877,1077.0835697
6289,0.0767186405,2118.4062821
6301,0.064831715,1452.0293634
6308,0.2220652738,667.06565474
6314,0.0137502652,72.222324167
6315,0.1347145591,727.04425374
6316,0.6529437705,2265.0625795
6317,0.5300714053,1371.0882208
6318,0.0350632782,218.95820235
6323,0.7066086467,1588.0162851
6329,0.6771943427,3379.0300028
6336,0.0599009824,1375.3498876
6341,0.839540865,3806.249957
6348,0.2280277679,2083.4885752
6349,0.029389487,1208.4751877
6365,0.0264045105,490.92010422
6372,0.3448449387,810.81545856
6376,0.0231068995,1337.7863841
6378,0.0488883275,50.82832741
6379,0.7782281704,1832.5122654
6382,0.1226054267,799.81235179
6383,0.4413392414,2599.9982726
6389,0.7832626151,1524.6144284
6390,0.0163386862,781.12275773
6392,0.0485853014,1172.2831808
6394,0.6476270269,2374.5809225
6402,0.1301292838,246.42600918
6404,0.3807395707,1192.9643843
6405,0.0248212495,89.741445014
6406,0.1684595235,998.56148573
6409,0.0486769923,675.5738378
6410,0.1395809918,1217.9911327
6411,0.0718054628,1559.4101696
6421,0.0676565384,507.05100193
6428,0.3434646784,2193.3174543
6429,0.2592327169,1421.6323086
6432,0.1474708404,625.07597329
6436,0.0154130879,-73.13692472
6437,0.3067610103,910.21959443
6438,0.2732113714,1507.4457733
6445,0.0988140814,1767.8798678
6447,0.6032552712,2404.6256265
6450,0.0162118446,867.96125523
6462,0.1377557112,1302.3735905
6467,0.8009202088,3203.6606287
6478,0.032968701,-105.1932639
6484,0.1877360751,346.25175699
6492,0.4111434594,629.54358031
6497,0.020042657,-198.2860551
6504,0.2174992202,679.03579058
6505,0.1461983941,1301.6768556
6513,0.5209943293,1769.122379
6525,0.1390505155,1133.5380491
6526,0.2291350673,1825.8133391
6528,0.0510805768,673.62296125
6540,0.008570998,562.97838498
6542,0.1428349161,1314.6697177
6544,0.3854190469,2558.7653178
6548,0.0667279209,371.53498421
6552,0.2686925207,643.95735715
6558,0.0104959003,518.68459002
6567,0.0223679183,426.19560875
6569,0.6543651368,1749.0308953
6572,0.0995911737,227.585546
6577,0.0727787468,1055.4741605
6581,0.290585994,2162.5864295
6588,0.3869692615,3181.4278044
6591,0.6625453973,2508.9864982
6594,0.2826264047,2016.878419
6600,0.4659451482,2430.1178193
6602,0.2344553571,1515.2379918
6604,0.0868413491,1000.0575884
6605,0.0221058376,606.010064
6614,0.3284850424,1838.5584317
6616,0.2753297485,2218.0984567
6621,0.3976649845,2051.9542783
6640,0.3531883776,1498.0434549
6641,0.5399086617,3699.8267937
6643,0.0246496108,760.76613798
6644,0.1958579523,1135.1468458
6649,0.5838587287,4564.9147684
6650,0.775003041,2303.851488
6655,0.4223587862,2477.4230601
6661,0.021157335,378.3278802
6672,0.4350895462,2132.6656989
6677,0.0746699799,308.7388343
6688,0.0484787418,96.862685902
6689,0.0695488687,401.03333686
6691,0.0527807819,771.24434051
6692,0.3780471182,1455.4543831
6694,0.7779266065,2869.120421
6702,0.5454840583,2237.1576969
6714,0.0485530352,706.60587053
6716,0.5081633142,2475.516894
6724,0.0653231066,2112.0303902
6725,0.1249064163,651.04894732
6730,0.2320626487,1636.0626287
6735,0.4267425166,2095.9718411
6738,0.3847064268,2333.7227403
6739,0.1813614606,1455.9537725
6743,0.2736949654,1008.4677331
6747,0.0928361347,538.07624208
6750,0.7188228716,3051.3558758
6751,0.6001274371,1741.7541457
6753,0.4668539508,3340.0229637
6754,0.300536186,3116.0232992
6755,0.0538092292,609.52685521
6762,0.2312187415,1510.2837099
6764,0.0797243938,213.95501486
6772,0.6003663672,1880.1149717
6774,0.0879625955,-125.5228914
6787,0.1532579692,1424.9521871
6789,0.0342653232,1713.6008831
6793,0.223043592,1165.3628068
6798,0.0113027124,583.69132781
6799,0.021225281,463.72403276
6800,0.085324392,335.01048078
6802,0.0256169212,602.09764114
6808,0.3947332328,1786.0761783
6809,0.1460719622,1244.5933483
6812,0.0121078197,1292.1308196
6814,0.8320308881,4107.4676683
6816,0.6038841861,2301.3289792
6822,0.083557222,4158.3868456
6829,0.33192886,2428.2955017
6834,0.8583815645,3601.4415169
6836,0.0265958131,1296.5852028
6839,0.1704065981,1264.88977
6840,0.6553193798,1023.1011268
6843,0.0462225243,904.44869139
6846,0.4088971952,1710.8933931
6848,0.0140389843,345.25099509
6852,0.0842156812,1253.3207789
6856,0.2150146525,774.47389643
6860,0.0710876579,444.49197252
6866,0.301451654,1234.4265719
6870,0.555857225,901.48468361
6878,0.5996629704,2343.8449235
6880,0.0987354305,1809.3797563
6885,0.0324629899,895.1267026
6897,0.0618598723,756.57800377
6902,0.7230485666,2065.0165402
6904,0.6400523312,1715.7659527
6907,0.0631942618,465.52336127
6909,0.1958401753,1793.033866
6914,0.5388561875,1465.9492986
6915,0.5611024577,2555.9166245
6922,0.4977450363,2255.8197474
6924,0.1365397891,537.59962056
6933,0.0696288981,-410.6139234
6934,0.0999678893,1400.4101519
6941,0.3016166719,1876.0363701
6957,0.1670756989,721.04067726
6960,0.0416702829,408.81798466
6969,0.0331954398,859.68161577
6975,0.0949858232,233.97450085
6980,0.7178018593,1959.1994353
6983,0.0537214032,664.68136018
6987,0.0968599205,1997.6959914
6994,0.0275052473,433.24902757
6997,0.0128735211,1009.9796701
7002,0.1123405291,278.17363519
7010,0.0160435063,1364.5016127
7015,0.4389251845,1669.7237641
7019,0.3192707474,598.7437797
7022,0.2919740752,2309.5784258
7025,0.0247532443,926.01864418
7029,0.0627537631,481.22774891
7031,0.1785306153,821.98038075
7037,0.3593037504,2508.467893
7038,0.1104349803,2261.5307248
7043,0.0887052203,-100.0607327
7049,0.1152521363,827.91468514
7052,0.1513123564,1003.2818964
7053,0.2621629042,1231.713611
7056,0.0071008021,760.95325628
7057,0.5634204052,2375.3393669
7080,0.2156056346,1561.9067774
7086,0.1809260507,2814.5292227
7087,0.0610952982,884.98709168
7105,0.4221990112,2075.1416872
7108,0.0076518666,1035.1477651
7121,0.565086713,1518.3965861
7122,0.2761755065,935.51695245
7125,0.4049729907,2673.7819404
7132,0.4271815469,1204.7862198
7134,0.1306754528,2001.8514838
7151,0.250606557,748.8554383
7152,0.7788196532,3308.0215111
7157,0.1967753517,1369.4769419
7159,0.0971528767,2116.7747207
7166,0.8131268042,3268.3880793
7167,0.0975482401,224.88409429
7177,0.0378293492,1020.8525263
7179,0.710458682,4610.0867568
7181,0.3196083208,959.12126644
7183,0.1442173238,1437.8924319
7186,0.0369782085,352.08433639
7193,0.0230764318,1288.3642319
7205,0.0195270254,616.99161376
7207,0.0279524018,207.93145217
7209,0.4040514355,2591.0070168
7216,0.2914335503,749.59813732
7232,0.8317367736,2155.476918
7235,0.0952669257,1516.9869818
7238,0.2419054225,1248.3166457
7240,0.7149329587,2845.1371205
7243,0.2952252844,1082.0609875
7252,0.4890559418,1494.4946677
7269,0.1891570821,2981.8734275
7275,0.0327216185,819.37258088
7281,0.1686031277,1425.3617207
7283,0.0429355964,1708.3139721
7287,0.2107222477,595.29982329
7289,0.3035324232,1902.8109151
7291,0.3626647383,1991.2776604
7294,0.0234819709,1045.7742105
7304,0.5389718725,1565.0489565
7308,0.2190521685,1975.4147238
7313,0.0474222093,879.91563175
7319,0.361851867,2775.516045
7325,0.0621009927,592.86704062
7326,0.1059395376,832.50252857
7330,0.2457425711,1310.6081903
7332,0.0129358308,484.79045923
7337,0.4156845084,2312.0728224
7341,0.1615392484,745.89253096
7346,0.4470059048,3413.7997254
7353,0.5506167088,1827.8265038
7354,0.7220759443,2449.5828088
7361,0.4283426782,583.69262863
7366,0.4956297156,1541.2781744
7368,0.0343460731,353.89663866
7372,0.0250651658,-96.97305653
7375,0.456175737,2284.1544933
7377,0.387759052,1696.9828605
7380,0.1141733526,751.3534561
7382,0.3011025552,2050.1908286
7385,0.750203505,2391.2854937
7392,0.7172427757,3037.3196507
7395,0.0339941203,395.64075045
7397,0.2464743637,993.33894867
7403,0.0524954425,-47.25149414
7406,0.4934706573,2902.2395352
7409,0.6208438813,2122.2339515
7410,0.166572571,1827.5092696
7412,0.0451239808,88.773629035
7419,0.3033391388,1750.5823694
7425,0.1131783876,-433.2433155
7435,0.1447157588,917.10403156
7438,0.3178787358,1357.0851946
7440,0.1311977682,551.27578836
7447,0.1585936527,1435.245925
7449,0.6651035704,2821.3830957
7456,0.2341524066,1490.0702943
7464,0.0715766193,903.49904313
7478,0.1802834695,2677.3370771
7480,0.021733181,246.27618447
7481,0.3787007473,1628.8320959
7483,0.1913176879,1203.984621
7484,0.132013822,1894.4707095
7491,0.6683132608,2473.3085463
7494,0.3717802722,2970.1649327
7501,0.5779195155,2859.7726974
7503,0.744671548,2810.8124816
7509,0.2042467258,1229.0757097
7517,0.1263744266,540.92865545
7518,0.2236468601,1506.4852176
7519,0.2107195906,2649.2669966
7521,0.4859180254,1935.4367509
7522,0.5290542242,1964.676243
7536,0.0738420652,1834.3588433
7539,0.0127489431,1211.8151443
7547,0.4377723591,2451.505091
7549,0.0411095353,683.78627412
7552,0.5057241427,1939.9486633
7554,0.1780945084,1444.5916257
7556,0.0428127646,1427.1229293
7564,0.1071440788,607.93025377
7566,0.3355305347,1271.1086887
7570,0.3352361044,1421.7202005
7571,0.0335991153,281.34339345
7572,0.2072110463,395.10632896
7575,0.0508499171,721.7706002
7586,0.0571066126,-150.5718325
7589,0.060464357,1348.4518437
7590,0.028174157,761.94601926
7597,0.4124670332,1595.0979114
7602,0.020037534,530.42249002
7604,0.3331898674,963.60063221
7605,0.381117862,1092.7263414
7612,0.8432706853,3104.0849083
7615,0.0796329354,1454.1558738
7617,0.0763270141,1827.7393745
7624,0.1008333491,1179.483633
7632,0.1387500238,1500.7364332
7639,0.3852434582,380.6595214
7642,0.1689135262,2104.1826087
7643,0.1805612842,860.16692448
7649,0.4784123184,508.10116407
7650,0.415570805,1729.3555466
7653,0.3707904739,3075.8622473
7654,0.2592869387,1250.8713519
7657,0.5887990719,2490.661993
7662,0.2898662042,2323.6641129
7669,0.8427710106,2267.8504379
7671,0.0140888033,673.73907942
7675,0.0467344275,540.94481683
7678,0.2239680503,1336.9646245
7682,0.860838625,1867.3916509
7688,0.5045517047,2757.6798077
7689,0.1130513086,1409.0596422
7690,0.0398677728,1278.8599464
7692,0.4080562829,2616.6560153
7699,0.4033415476,1554.4543434
7705,0.5597141623,2230.8657667
7712,0.2675159319,2117.4556097
7726,0.6583278482,1725.7482466
7728,0.1920205167,952.41442661
7735,0.3475749897,2467.6256268
7737,0.6498976376,2371.2641085
7739,0.0350062228,1274.2423544
7743,0.6297559292,2276.7320744
7744,0.1945975133,2087.0898326
7746,0.3234060276,2191.2215266
7749,0.3219493423,1787.6668211
7750,0.3316996717,769.46949303
7752,0.0518669625,902.86096027
7755,0.0974366194,1284.5151838
7756,0.8463301093,4900.524379
7762,0.087203606,2417.3935211
7764,0.7928730755,2715.2026266
7769,0.0488572117,1319.6362376
7770,0.4859501316,1171.6176667
7776,0.1259048693,151.33840442
7778,0.2352939642,1946.0404913
7784,0.4215939507,2881.3704977
7786,0.240078064,1679.9030475
7789,0.2145661534,-94.9015312
7793,0.33994445,1230.328491
7794,0.0387564804,720.32425844
7804,0.2690789403,891.98475278
7811,0.2522173204,600.14783326
7813,0.1615821036,107.29125426
7815,0.3173446175,1178.0128393
7817,0.0121605433,1037.0798836
7818,0.2926329497,2318.9463531
7821,0.1081626656,2043.3617868
7825,0.0388770205,-129.4076322
7830,0.5417603508,914.5872878
7832,0.1490827986,20.730439923
7835,0.0073612882,670.9153485
7839,0.1738235399,1880.3822358
7842,0.0222538093,411.10018311
7849,0.5719866349,3684.8557287
7856,0.6160286223,2210.1323855
7857,0.0027831293,501.38016842
7863,0.0990047958,1402.303666
7866,0.1521483679,620.64582771
7871,0.0823569337,553.81335173
7875,0.5287538802,2048.1686352
7882,0.7230499088,5300.8337759
7887,0.532148211,1857.3852065
7888,0.6207971846,3380.3442148
7891,0.916111491,4370.4032218
7895,0.02306173,550.35358619
7901,0.5325489702,1489.1296314
7906,0.292342921,1499.3728627
7908,0.8246760917,2669.5887815
7917,0.1185631934,978.11462953
7924,0.6078138732,1974.9655265
7948,0.4538134091,2090.7175023
7950,0.6846081362,2796.1406071
7955,0.1332421175,470.77847232
7957,0.0282750595,100.44664738
7959,0.2471368887,1016.7483052
7967,0.0360128966,69.959000009
7969,0.0702878789,2680.6351825
7971,0.138243253,1553.3389183
7974,0.3680242371,1529.7053696
7976,0.052325894,473.0851682
7986,0.8025289478,2825.7723714
7987,0.7689471945,3739.2289734
7993,0.2401789983,2422.5533295
7996,0.5687026204,2350.1201229
7998,0.1869569836,1637.0752603
8018,0.058507714,536.62498387
8019,0.389998162,837.40851623
8027,0.0193038057,282.18833876
8036,0.0392205462,327.31062551
8040,0.0448571791,204.21668397
8044,0.0809625997,2025.0481875
8050,0.0703538145,2256.7930824
8052,0.4029383226,2042.360205
8054,0.3414583223,1467.4283203
8057,0.7631279646,2696.2507421
8058,0.1239966755,-23.69259886
8059,0.5921313853,1581.1804265
8066,0.8162658123,3525.3166117
8070,0.072583085,350.6700233
8072,0.5494270477,2435.3879197
8078,0.0234896518,1244.3098107
8079,0.1753046625,1398.1565823
8080,0.5109230677,1309.8009537
8081,0.2382025315,524.40177507
8088,0.1056978902,201.52834816
8091,0.6788336746,2714.8631756
8094,0.0982798864,1423.8812095
8095,0.8496212143,4870.7010968
8099,0.0679373774,374.26767066
8101,0.4419141938,1941.0068548
8102,0.0111829566,721.62453324
8116,0.4726771973,1316.7244975
8125,0.1692848344,2153.7889671
8134,0.3282189028,2056.6713933
8139,0.0161464737,229.39280748
8141,0.0952802156,560.85517637
8147,0.0666738935,1649.1427091
8158,0.4250246389,1297.8557741
8160,0.0473794823,293.50422326
8165,0.331259457,1539.7524815
8187,0.3441849014,1434.4513764
8205,0.2197572732,1917.2687015
8209,0.2735860558,954.7598234
8211,0.2637491027,2098.9995254
8232,0.0030233412,179.35722133
8236,0.1312645858,39.072665355
8237,0.2227887839,752.4364233
8238,0.8106456048,2887.00638
8245,0.3205510462,2343.463029
8256,0.4899766271,1199.1199967
8268,0.0407204823,363.32615602
8269,0.0196356787,607.48900265
8270,0.3253444762,1126.9941214
8286,0.0888248908,277.38903213
8289,0.0426570792,805.09225891
8301,0.3772389345,2490.6183587
8305,0.1774995021,1679.0788528
8310,0.4586531426,2498.0803341
8312,0.0341972482,707.71108172
8318,0.8068484483,3284.2860849
8321,0.2038936579,757.18819309
8328,0.0245492257,-136.2555361
8331,0.0307973296,753.76173672
8334,0.3479962696,967.03351454
8344,0.1631039823,922.53114191
8345,0.1931080964,1693.1864543
8352,0.2455412641,1372.6241344
8358,0.405389553,1673.5466758
8359,0.3069849665,1245.846373
8360,0.1391010904,1529.0737276
8365,0.1661088302,2231.4658408
8366,0.1590836157,485.68357579
8369,0.691049037,2784.577964
8373,0.0317414221,1702.3577747
8378,0.1637602978,1011.7154553
8392,0.0899373821,549.1966689
8397,0.5212994977,2504.9157154
8399,0.223509291,699.40284245
8400,0.1407496414,1714.7861777
8405,0.4205595157,2676.1997112
8406,0.0350363292,123.10389039
8410,0.1167543731,499.66816621
8413,0.0665565685,123.7221433
8414,0.2189412957,1973.1979512
8416,0.6526437961,2995.3317624
8426,0.0314531357,1277.6462917
8434,0.258242407,835.35322082
8439,0.0452128729,1096.8335137
8440,0.1536544441,590.87395163
8475,0.0103744939,433.04493323
8480,0.0996635094,1719.0946616
8497,0.3310761656,2102.7967499
8499,0.7905788827,2821.2115221
8500,0.4191381099,1040.0716549
8501,0.0391963656,400.48107769
8502,0.5556586988,2361.2053127
8518,0.4069600613,2073.6733621
8520,0.5227481066,792.94635177
8523,0.3527807945,2999.7246758
8525,0.212784825,987.89545252
8532,0.0497094705,199.1926657
8535,0.3215476139,2408.0310515
8543,0.2219948889,802.1074322
8554,0.2691213514,1703.3262062
8560,0.084571868,1870.227272
8561,0.2015675994,1319.6710422
8563,0.0224070556,1788.8043346
8566,0.8481931707,1427.3248384
8570,0.3915525613,755.81417573
8572,0.0921986802,1970.7106356
8582,0.1613030253,189.17047918
8583,0.4229166848,1935.8660759
8587,0.2551797325,2895.749163
8592,0.2435816694,1093.1191673
8593,0.4036459269,644.67342213
8607,0.0247282924,1230.6299262
8609,0.1249985722,783.38409229
8610,0.0870737452,1614.626326
8614,0.3438962217,1985.4511186
8616,0.3803743371,2992.3260796
8622,0.193908009,2013.2476891
8623,0.1043180557,891.68437702
8624,0.2215536502,629.2757501
8633,0.1100675708,2194.2655536
8641,0.3939808228,655.48324741
8644,0.7614865551,3001.3725548
8649,0.5773955259,1036.2365491
8653,0.1252781878,-113.7997453
8657,0.2071473688,276.74759546
8658,0.1854644603,281.99838041
8663,0.0569445692,-91.21794407
8672,0.7387228245,2296.9383211
8680,0.3495101369,2467.1139815
8684,0.7118895491,1399.6348405
8687,0.0706041949,636.51573985
8688,0.0491865758,378.57384296
8690,0.1387707187,1492.7555393
8712,0.2681318678,1118.6692825
8717,0.3185253713,2069.5999665
8730,0.0294021113,206.99891802
8739,0.199591966,2422.3525828
8744,0.0348133034,-118.160184
8747,0.2594072753,1136.7801128
8748,0.3166237203,1020.4647116
8751,0.7172977688,2409.5279149
8758,0.2543631674,1502.3542299
8761,0.4133019726,1396.7011539
8763,0.0079807064,855.53986025
8764,0.3528003556,1921.0166866
8765,0.1653352378,836.57322409
8773,0.099885618,872.1418743
8780,0.0920939964,1981.4940086
8781,0.1228036568,1564.657285
8782,0.4331633049,505.64058686
8785,0.1451852611,710.25620898
8786,0.1152455519,1817.0506126
8797,0.8508649475,2682.4535197
8799,0.0524664497,234.52906424
8807,0.7750286905,2713.8160263
8816,0.0462895748,689.46936777
8817,0.0710988903,2015.3777896
8826,0.3760068774,3477.683019
8833,0.1901826992,628.14206679
8834,0.0377699798,255.60154883
8835,0.0740873532,667.61631573
8840,0.0999493528,649.5273388
8843,0.0750687109,409.0786441
8849,0.2965747675,1628.4350643
8855,0.1089122744,1705.9409435
8861,0.2515434623,2008.6576859
8862,0.3090316548,541.8883352
8865,0.2467710126,1241.5640473
8868,0.0057976796,1393.9535746
8870,0.0076247957,528.19525138
8880,0.2771336933,1445.3086827
8885,0.0492392883,189.26840742
8894,0.2014047519,2504.5760537
8895,0.1017002551,291.25033177
8899,0.0323508699,1668.6613808
8912,0.2903097439,2554.0598942
8922,0.0129477704,264.79662494
8924,0.1322512818,1244.8467409
8928,0.3114338622,760.78539534
8932,0.4321514368,2221.6778737
8943,0.1764513734,682.03953874
8945,0.1159724416,1746.6019265
8946,0.03708698,1096.4480647
8954,0.4332076122,1709.7116917
8958,0.4432895573,1856.3595608
8960,0.6196365639,2558.3642967
8965,0.2951016071,1561.4897206
8966,0.0475267771,1485.6795986
8967,0.035189955,1459.3422414
8969,0.3070372657,815.96059221
8980,0.1769392231,559.01917273
8984,0.0194477593,1196.0443554
8985,0.8157691562,3900.9384178
8988,0.4755265259,2207.7416666
8989,0.3572121928,1610.125134
8995,0.0887979216,213.90755573
9004,0.094603902,1080.7334731
9010,0.0370922741,50.210604178
9012,0.1548859394,1502.184012
9018,0.4314771316,788.70667202
9036,0.2955384426,645.80050447
9037,0.1572245838,645.86945792
9040,0.1026156352,2073.9846877
9041,0.2500480094,667.16305141
9044,0.4321335513,2593.389356
9045,0.05659459,774.73860927
9047,0.3755568831,3321.1156985
9049,0.0220126793,800.69531826
9061,0.017295398,1122.8057151
9062,0.3163611234,2349.3390624
9076,0.1562012016,1112.7444692
9079,0.2313237964,1851.7643105
9081,0.2542972101,789.33115386
9082,0.0963909247,1907.4445613
9089,0.6080419042,2219.2276709
9092,0.171670159,1429.8498589
9094,0.427224442,1638.6919557
9115,0.0358646849,400.01032975
9117,0.3159969493,1287.561917
9118,0.2036678632,3547.5108702
9120,0.0185481417,749.52998105
9124,0.0100795173,1291.1102712
9128,0.1407194447,3074.6753002
9135,0.3926311946,2116.3057412
9136,0.867551126,5243.8528128
9138,0.5491141286,2597.0221349
9157,0.3959131416,994.32275187
9176,0.0498587284,88.583684336
9183,0.2891588303,1164.0402468
9187,0.4650958661,718.55135565
9188,0.2656327659,1454.2000105
9190,0.2053833254,2103.1282985
9197,0.0308232789,958.36084612
9200,0.0297059255,1608.0760648
9201,0.233410305,1399.1980879
9203,0.0231780579,1238.958403
9212,0.4398108745,162.26822468
9213,0.0690534823,305.83354126
9214,0.0942977312,2871.3929872
9217,0.2642092085,826.74072693
9219,0.0036412839,636.41128965
9220,0.1578940327,1711.1033733
9221,0.1779611114,2042.3033324
9237,0.0160844248,771.51838642
9240,0.1425732224,1095.3643122
9241,0.007196217,927.91999835
9248,0.3054971931,1684.1820752
9253,0.4474837247,1640.2961968
9259,0.6863384312,3035.8641557
9267,0.1408112077,715.64934783
9271,0.4865749826,2127.1200007
9273,0.259002989,303.36439688
9285,0.0164234656,179.95432161
9290,0.0998811338,2067.8084724
9291,0.0868066407,1625.8749176
9293,0.0419849684,981.28578398
9294,0.0414847559,627.988193
9301,0.0806584731,1269.1562056
9302,0.0713274916,912.59323762
9312,0.0185156774,631.68615795
9316,0.294987934,4660.6732445
9319,0.708939972,2231.8058004
9328,0.0722476876,811.31420045
9331,0.8669066814,2363.285846
9338,0.0306182329,1095.3079581
9350,0.2492495667,2034.0482338
9356,0.1295584659,320.21398762
9359,0.4443181849,1938.8214376
9362,0.5659673157,1771.2588741
9364,0.1739400773,191.75610712
9370,0.4290387007,1985.7550892
9380,0.0792362506,774.35066985
9386,0.1196621118,1019.7278162
9394,0.3006540444,1684.2034395
9407,0.3852216884,1270.4758552
9411,0.6779813866,2075.0972642
9422,0.4426883222,1766.9646159
9423,0.2931409084,481.66786778
9429,0.3015389965,1274.1196058
9433,0.1787032032,778.94658518
9439,0.0292108817,617.25690441
9451,0.1875689592,614.39661362
9452,0.4032637684,602.95025586
9453,0.015550782,467.77152824
9460,0.0173975479,422.15053685
9465,0.0365173702,396.42946477
9470,0.0389862151,1044.5941617
9476,0.5993511134,1411.8331713
9485,0.7364361208,2503.3610243
9486,0.058351708,387.31888352
9488,0.2935278925,713.84521646
9507,0.0088286579,-378.3241663
9508,0.395948863,3240.0970759
9517,0.317744993,964.98619477
9521,0.1347726976,941.63262927
9528,0.2245958798,1142.3575305
9532,0.5236438549,1490.9367237
9536,0.1598490652,777.58376669
9540,0.1677994119,3538.0285357
9542,0.2481112229,1871.845596
9546,0.2852174948,924.16943828
9548,0.2184705867,1458.1366719
9549,0.1298893891,1800.5990534
9554,0.0767197433,1584.7759936
9555,0.3613660556,2005.2678887
9558,0.0175487096,-56.88917114
9573,0.7249850339,2547.037464
9575,0.4574437846,3411.5582386
9584,0.6692992615,2576.4000642
9586,0.0994164816,2036.4124659
9588,0.1347821707,1794.3584088
9591,0.5160980049,1751.7957253
9592,0.8034408196,5415.2141011
9597,0.5583589413,1396.8531387
9600,0.08217451,958.9762501
9603,0.619527771,2621.6382939
9605,0.3134666341,1690.3366758
9614,0.6230236628,3023.5136719
9616,0.01156455,1733.6184528
9622,0.6847795193,2628.5416644
9624,0.1615129668,1398.5616041
9629,0.3596701167,3333.9318408
9633,0.0365729922,982.96786892
9640,0.4788139254,1381.1648223
9644,0.5225728528,2180.1591167
9645,0.5473564012,2002.538529
9646,0.0898041543,1043.5618779
9648,0.9634523588,3843.0618639
9649,0.0497497567,645.79907665
9660,0.2379284859,1878.274309
9664,0.3733223135,2019.7026431
9675,0.0441873248,309.61690167
9679,0.7881648139,3797.6687659
9680,0.5365390582,1876.830783
9682,0.0677965574,1385.5246638
9697,0.0215206175,592.02139622
9701,0.1995066235,2032.1357102
9704,0.3734196401,1808.7059774
9705,0.4537025411,2283.04371
9707,0.2297639342,1503.6367872
9714,0.028142622,161.08273512
9718,0.1490917888,835.57610549
9722,0.0742953069,862.40470214
9739,0.1209914822,808.10078058
9747,0.7416017721,2149.5793567
9751,0.1850084872,2219.7698049
9757,0.1466266477,1387.1781308
9759,0.0172811476,401.77826416
9760,0.0823510946,2053.9181343
9764,0.6423566996,3058.4353518
9776,0.3527762432,1755.353367
9778,0.2269681557,1617.3804392
9786,0.0775072619,671.86944554
9803,0.5883146778,3481.7274757
9804,0.0725823782,1159.0797969
9815,0.0495340536,402.43654595
9824,0.0099146641,662.16093397
9825,0.1364880062,1432.3945281
9826,0.369210123,2221.7629471
9827,0.0240488181,1203.7110183
9833,0.0512660716,479.62897119
9835,0.055417917,163.57542141
9860,0.5133742935,1557.122364
9865,0.2746977029,846.55218012
9871,0.2006547679,684.30685287
9874,0.3231882689,765.12306296
9880,0.2706402483,742.9894527
9882,0.5188932488,2386.147764
9885,0.0441839394,2474.2894925
9888,0.5487767706,3070.218914
9892,0.0298591373,453.7973944
9893,0.2993473345,2058.2217143
9896,0.2652462352,1402.9778401
9902,0.0791884755,445.29947849
9906,0.1286335079,2062.6724966
9910,0.2897023855,1249.6450664
9914,0.3709842642,1023.7857783
9918,0.4954161839,1470.2085128
9920,0.2639036111,1517.8896312
9926,0.2910569885,1140.4286047
9931,0.0487596316,1355.7919465
9935,0.4152404149,1037.4871518
9945,0.9016262033,2933.1988486
9953,0.3034646686,1109.5343057
9957,0.0065202509,770.77223434
9963,0.1172936969,-72.98157604
9972,0.2862462977,1676.9911861
9976,0.3923292733,1908.2052087
9979,0.3667549315,1404.3327365
9980,0.0236027539,1208.2940703
9982,0.0750104601,295.80044889
9991,0.725718844,3110.9002759
10000,0.2611685134,1050.699019
10003,0.292010413,1082.6065475
10005,0.8758552127,3349.9256541
10014,0.0344703753,-635.6333667
10032,0.2920230436,2870.0338237
10034,0.3626292336,1423.6672678
10041,0.0188073507,695.21846014
10042,0.0312438365,687.38532117
10044,0.0575886247,1002.0094129
10045,0.1998284715,1121.1636371
10054,0.5488443102,2717.9543401
10061,0.0708034933,827.06587067
10062,0.6423518928,2027.7215403
10073,0.1169055302,1200.2799254
10081,0.0218042909,524.71312175
10084,0.6109378446,2966.2018963
10086,0.44821311,873.45553492
10093,0.3298283669,2051.4754663
10101,0.6239383009,2766.5869932
10105,0.1458499032,1934.7342676
10110,0.5518488929,2235.2363831
10113,0.7098547365,4166.2079714
10115,0.5442715973,2498.3626828
10119,0.6481228418,2233.0578063
10121,0.44566299,1137.3804731
10124,0.8730377985,4740.4354681
10126,0.2614774379,3168.5168256
10127,0.0261702872,971.38105197
10145,0.2321753389,1441.2279004
10147,0.5541898059,1492.1788926
10148,0.0077427299,1358.4694163
10162,0.3698146004,705.37764059
10163,0.0233730685,1242.1666009
10166,0.7712368512,3122.3838359
10172,0.0706070745,77.239491601
10173,0.3047882845,2600.6280159
10175,0.0190507853,782.97087466
10180,0.1535272645,1470.4531799
10186,0.0342254317,191.27185959
10192,0.2983592122,1994.9686048
10199,0.3275002739,2213.0131772
10209,0.887249297,2692.9491276
10210,0.2058641661,982.69592841
10214,0.0368761766,1290.5554211
10215,0.2568767675,2233.6604922
10216,0.6791870993,3448.8659253
10232,0.3362834878,2447.4140623
10239,0.2871592047,1462.3408302
10249,0.030932802,708.0927036
10253,0.4480088839,2110.9658758
10255,0.1944190439,1121.7535164
10262,0.0567389981,985.77096604
10264,0.0259341113,828.94946422
10266,0.1660056543,1024.0691115
10268,0.1893768803,1011.3519685
10271,0.1439402742,1741.9230172
10272,0.2263308608,1117.1978564
10276,0.3813735659,1759.8913471
10277,0.0147750607,-34.89829728
10279,0.504056027,2147.4733041
10281,0.0207781856,1431.3848905
10285,0.006525531,-268.8762641
10294,0.2807438956,1552.2817996
10300,0.124769006,477.01473634
