INDEX,p_target_reg,p_target_poi,p_target_nb,p_target_zip,p_target_zinb
3,1,1,1,2,2
9,4,4,4,4,4
10,2,3,3,3,3
18,2,2,2,2,2
21,1,1,1,1,1
30,5,5,5,6,6
31,3,2,2,4,4
37,2,2,2,2,2
39,0,1,1,1,1
47,2,1,1,2,2
60,3,3,3,3,3
62,1,1,1,1,1
63,4,4,4,3,3
64,1,1,1,2,2
68,1,1,1,1,1
75,3,2,2,1,1
76,2,3,3,2,2
83,0,1,1,1,1
87,4,4,4,3,3
92,5,5,5,5,5
98,3,3,3,2,2
106,2,1,1,2,2
107,2,2,2,2,2
113,2,2,2,2,2
120,4,4,4,3,3
123,5,6,6,4,4
125,3,3,3,2,2
126,6,6,6,6,6
128,5,5,5,5,5
129,2,2,2,2,2
131,4,4,4,4,4
135,2,2,2,2,2
141,5,5,5,5,5
147,3,3,3,3,3
148,1,1,1,1,1
151,4,4,4,3,3
156,3,3,3,3,3
157,4,4,4,3,3
174,1,1,1,2,2
186,2,1,1,2,2
193,2,2,2,2,2
195,1,1,1,2,2
212,1,1,1,2,2
213,1,1,1,2,2
217,3,3,3,3,3
223,4,4,4,4,4
226,3,3,3,3,3
228,4,5,5,4,4
230,4,4,4,4,4
241,2,2,2,2,2
243,4,4,4,3,3
249,1,1,1,2,2
281,4,4,4,4,4
288,0,1,1,1,1
294,1,2,2,2,2
295,2,2,2,2,2
300,5,5,5,4,4
302,4,4,4,3,3
303,2,1,1,2,2
308,1,1,1,2,2
319,5,5,5,4,4
320,1,1,1,2,2
324,3,3,3,3,3
331,3,3,3,3,3
343,3,3,3,3,3
347,2,2,2,2,2
348,4,4,4,3,3
350,4,5,5,4,4
357,1,1,1,1,1
358,4,4,4,3,3
360,5,5,5,4,4
366,3,3,3,4,4
367,3,2,2,2,2
368,5,5,5,5,5
376,2,2,2,2,2
380,3,3,3,3,3
388,-1,0,0,1,1
396,4,4,4,4,4
398,5,5,5,5,5
403,4,4,4,4,4
410,2,2,2,1,1
412,2,2,2,2,2
420,2,2,2,2,2
434,2,2,2,2,2
440,3,3,3,3,3
450,3,4,4,3,3
453,3,3,3,3,3
464,5,5,5,5,5
465,4,5,5,3,3
466,5,5,5,5,5
473,2,2,2,2,2
476,2,1,1,2,2
478,2,1,1,2,2
479,4,4,4,3,3
493,2,2,2,3,3
497,3,3,3,3,3
503,4,4,4,3,3
504,3,3,3,3,3
505,3,3,3,2,2
507,1,1,1,1,1
513,3,3,3,3,3
519,2,2,2,2,2
521,4,4,4,3,3
522,4,4,4,3,3
545,3,3,3,3,3
549,2,1,1,2,2
551,1,1,1,2,2
556,6,6,6,6,6
557,6,6,6,6,6
559,1,1,1,2,2
560,3,3,3,3,3
566,4,4,4,3,3
569,4,4,4,3,3
573,2,2,2,3,3
578,1,1,1,2,2
579,5,5,5,5,5
582,4,5,5,5,5
596,4,5,5,4,4
598,2,2,2,2,2
599,1,1,1,1,1
602,3,3,3,3,3
605,1,1,1,2,2
617,3,2,2,2,2
619,5,5,5,6,6
630,3,3,3,3,3
634,4,3,3,2,2
643,2,2,2,2,2
645,0,1,1,1,1
647,4,4,4,4,4
649,3,3,3,3,3
656,4,4,4,3,3
657,4,4,4,5,5
658,3,3,3,3,3
667,4,4,4,3,3
692,3,3,3,3,3
693,4,4,4,4,4
698,0,1,1,0,0
699,4,4,4,3,3
700,6,7,7,6,6
704,4,3,3,3,3
707,3,3,3,3,3
708,4,4,4,4,4
709,3,3,3,3,3
713,0,1,1,1,1
714,3,3,3,2,2
716,2,2,2,2,2
718,4,4,4,3,3
722,4,4,4,4,4
729,6,6,6,6,6
731,2,2,2,2,2
733,3,3,3,2,2
746,3,3,3,3,3
747,3,3,3,2,2
748,1,1,1,2,2
753,1,1,1,2,2
757,1,1,1,2,2
763,4,3,3,3,3
767,5,5,5,5,5
774,3,3,3,3,3
776,2,2,2,2,2
788,1,1,1,2,2
794,4,4,4,3,3
799,1,1,1,2,2
803,4,4,4,4,4
806,4,4,4,4,4
807,4,4,4,3,3
811,5,5,5,4,4
816,6,6,6,6,6
818,3,3,3,3,3
819,1,1,1,2,2
831,5,5,5,6,6
835,5,5,5,5,5
837,1,1,1,2,2
841,2,2,2,2,2
846,1,1,1,2,2
856,6,6,6,6,6
861,4,4,4,3,3
862,3,2,2,3,3
863,3,3,3,2,2
865,4,4,4,3,3
871,2,2,2,2,2
879,1,1,1,2,2
880,3,2,2,2,2
881,3,3,3,3,3
885,4,4,4,3,3
887,3,3,3,3,3
892,2,2,2,2,2
898,4,4,4,3,3
900,0,1,1,1,1
904,1,1,1,2,2
906,5,5,5,5,5
910,4,5,5,4,4
912,4,4,4,4,4
913,3,3,3,2,2
919,5,5,5,5,5
924,1,1,1,2,2
925,3,3,3,3,3
930,3,3,3,3,3
940,2,2,2,2,2
941,3,3,3,3,3
946,0,1,1,1,1
949,5,5,5,5,5
951,1,1,1,2,2
962,4,4,4,4,4
966,3,2,2,2,2
967,5,5,5,5,5
971,2,1,1,2,2
981,4,3,3,3,3
982,3,2,2,2,2
983,2,1,1,2,2
984,2,2,2,2,2
989,2,2,2,2,2
990,4,5,5,4,4
992,3,3,3,3,3
995,5,5,5,5,5
996,1,1,1,2,2
998,0,1,1,1,1
1001,5,4,4,4,4
1007,1,1,1,2,2
1008,2,2,2,2,2
1016,2,3,3,2,2
1022,3,3,3,2,2
1027,5,5,5,5,5
1032,2,2,2,2,2
1033,4,4,4,3,3
1041,4,4,4,5,5
1065,1,1,1,2,2
1074,2,1,1,2,2
1075,1,1,1,1,1
1081,1,1,1,2,2
1094,4,5,5,4,4
1099,3,3,3,3,3
1105,3,3,3,2,2
1123,2,2,2,2,2
1135,1,1,1,2,2
1142,2,2,2,2,2
1155,2,2,2,2,2
1169,3,3,3,3,3
1176,3,3,3,4,4
1178,4,4,4,3,3
1180,4,4,4,3,3
1184,1,1,1,1,1
1185,1,1,1,2,2
1193,1,1,1,1,1
1196,1,1,1,2,2
1199,1,1,1,1,1
1203,2,2,2,1,1
1205,2,2,2,2,2
1207,2,2,2,2,2
1208,2,1,1,2,2
1212,0,0,0,1,1
1213,1,1,1,2,2
1222,1,1,1,2,2
1223,2,1,1,2,2
1226,4,4,4,4,4
1227,5,6,6,6,6
1229,1,1,1,2,2
1230,5,5,5,5,5
1231,3,3,3,3,3
1241,1,1,1,2,2
1243,4,4,4,4,4
1244,6,6,6,6,6
1246,5,5,5,4,4
1248,3,2,2,2,2
1249,4,4,4,3,3
1252,3,3,3,2,2
1261,3,3,3,4,4
1275,4,4,4,3,3
1281,2,1,1,2,2
1285,4,4,4,4,4
1288,2,1,1,2,2
1290,4,4,4,3,3
1291,1,1,1,2,2
1304,4,4,4,3,3
1305,3,3,3,2,2
1323,4,4,4,3,3
1342,1,1,1,2,2
1348,2,2,2,2,2
1353,4,4,4,3,3
1363,3,3,3,3,3
1371,4,4,4,3,3
1372,1,1,1,2,2
1378,1,1,1,2,2
1381,4,2,2,4,4
1382,4,5,5,4,4
1393,4,4,4,3,3
1394,5,5,5,5,5
1398,5,5,5,6,6
1404,3,3,3,3,3
1405,4,4,4,3,3
1419,1,1,1,2,2
1421,3,3,3,2,2
1426,1,1,1,2,2
1431,1,1,1,2,2
1435,3,3,3,3,3
1437,2,1,1,2,2
1438,2,2,2,2,2
1442,0,1,1,1,1
1464,1,1,1,2,2
1471,3,3,3,3,3
1473,4,4,4,3,3
1476,3,3,3,3,3
1478,2,2,2,2,2
1479,4,4,4,4,4
1487,5,6,6,5,5
1492,4,5,5,3,3
1496,4,3,3,3,3
1497,2,1,1,2,2
1515,3,3,3,3,3
1519,1,1,1,2,2
1522,3,3,3,3,3
1526,3,3,3,4,4
1537,3,3,3,3,3
1538,5,5,5,4,4
1540,2,2,2,2,2
1543,4,4,4,3,3
1548,1,1,1,2,2
1549,2,1,1,2,2
1556,3,3,3,2,2
1564,2,1,1,2,2
1570,4,4,4,3,3
1577,2,2,2,2,2
1585,5,5,5,4,4
1590,4,4,4,3,3
1592,1,1,1,2,2
1594,1,1,1,1,1
1596,6,7,7,7,7
1598,5,5,5,5,5
1603,2,1,1,2,2
1607,1,1,1,2,2
1612,5,6,6,6,6
1627,5,5,5,4,4
1629,3,3,3,3,3
1630,4,4,4,3,3
1640,5,6,6,5,5
1641,4,4,4,4,4
1646,4,4,4,4,4
1662,2,1,1,2,2
1668,1,1,1,2,2
1671,1,1,1,1,1
1672,5,5,5,4,4
1673,6,6,6,6,6
1686,4,4,4,4,4
1688,4,4,4,4,4
1696,4,4,4,3,3
1701,5,5,5,5,5
1707,4,4,4,4,4
1708,3,3,3,3,3
1713,4,4,4,3,3
1715,4,4,4,3,3
1717,3,3,3,3,3
1721,4,3,3,3,3
1724,3,3,3,3,3
1725,3,3,3,3,3
1730,4,4,4,3,3
1731,4,4,4,4,4
1734,4,4,4,3,3
1740,3,3,3,3,3
1748,3,3,3,3,3
1749,4,3,3,2,2
1750,5,6,6,6,6
1763,3,3,3,3,3
1768,5,4,4,4,4
1773,2,2,2,2,2
1777,2,2,2,2,2
1778,0,1,1,1,1
1780,3,3,3,3,3
1782,1,1,1,1,1
1784,5,5,5,4,4
1786,4,4,4,3,3
1787,4,4,4,4,4
1792,1,1,1,2,2
1800,3,3,3,3,3
1801,3,3,3,3,3
1803,3,3,3,2,2
1804,4,4,4,3,3
1807,3,3,3,2,2
1818,5,6,6,6,6
1821,3,3,3,3,3
1822,5,5,5,4,4
1828,3,3,3,3,3
1833,4,4,4,3,3
1844,4,4,4,4,4
1847,3,3,3,3,3
1850,2,2,2,2,2
1854,4,4,4,3,3
1858,4,4,4,5,5
1864,4,4,4,4,4
1867,2,2,2,1,1
1876,3,3,3,3,3
1880,1,1,1,2,2
1881,1,2,2,2,2
1891,3,3,3,3,3
1894,3,2,2,1,1
1895,4,4,4,4,4
1901,2,2,2,2,2
1905,4,4,4,4,4
1912,5,6,6,6,6
1918,3,3,3,3,3
1921,4,4,4,3,3
1923,3,3,3,3,3
1924,2,2,2,2,2
1931,2,2,2,2,2
1941,5,5,5,4,4
1950,1,1,1,1,1
1951,5,5,5,4,4
1954,5,5,5,4,4
1961,4,4,4,3,3
1966,4,4,4,3,3
1979,4,4,4,4,4
1982,1,1,1,2,2
1987,3,3,3,3,3
1997,3,3,3,3,3
2004,4,4,4,4,4
2011,5,5,5,5,5
2015,3,3,3,3,3
2025,6,6,6,7,7
2033,1,1,1,2,2
2034,4,5,5,3,3
2035,2,1,1,2,2
2036,1,1,1,1,1
2053,3,3,3,3,3
2059,2,2,2,3,3
2060,1,1,1,2,2
2073,3,3,3,3,3
2084,3,3,3,3,3
2089,4,4,4,3,3
2092,1,1,1,2,2
2109,5,5,5,5,5
2129,4,3,3,5,5
2134,5,5,5,6,6
2135,5,5,5,4,4
2148,3,3,3,3,3
2149,2,1,1,2,2
2150,2,2,2,2,2
2165,3,3,3,3,3
2166,3,3,3,3,3
2168,5,5,5,5,5
2170,0,1,1,1,1
2171,2,2,2,2,2
2172,3,3,3,3,3
2176,5,5,5,5,5
2182,3,3,3,3,3
2189,2,2,2,2,2
2191,4,5,5,4,4
2197,3,3,3,3,3
2202,2,1,1,2,2
2203,4,3,3,3,3
2204,-1,1,1,1,1
2206,4,4,4,4,4
2218,2,1,1,1,1
2219,4,4,4,3,3
2221,1,1,1,2,2
2226,2,1,1,2,2
2228,3,3,3,3,3
2232,4,4,4,3,3
2236,0,1,1,1,1
2241,3,2,2,3,3
2245,5,5,5,5,5
2251,4,4,4,3,3
2255,5,5,5,5,5
2256,4,4,4,3,3
2259,1,1,1,2,2
2263,4,4,4,3,3
2264,4,4,4,3,3
2267,2,1,1,2,2
2273,2,2,2,2,2
2277,4,4,4,4,4
2287,4,2,2,4,4
2289,4,4,4,3,3
2291,1,1,1,1,1
2296,2,2,2,2,2
2299,1,1,1,2,2
2306,3,3,3,3,3
2314,2,1,1,2,2
2317,3,2,2,2,2
2318,4,4,4,4,4
2321,4,5,5,4,4
2324,4,4,4,3,3
2340,3,3,3,3,3
2343,3,3,3,2,2
2349,1,1,1,1,1
2352,5,5,5,5,5
2353,1,1,1,2,2
2365,2,2,2,1,1
2370,1,1,1,2,2
2378,4,3,3,3,3
2390,0,1,1,1,1
2399,2,2,2,2,2
2402,1,1,1,2,2
2403,2,1,1,2,2
2404,2,1,1,2,2
2414,5,5,5,5,5
2422,4,4,4,3,3
2424,1,1,1,2,2
2430,4,4,4,3,3
2435,3,3,3,3,3
2439,2,1,1,2,2
2442,4,5,5,4,4
2445,4,4,4,3,3
2449,2,2,2,3,3
2451,1,1,1,2,2
2461,3,3,3,3,3
2464,4,4,4,3,3
2465,4,4,4,3,3
2472,4,3,3,3,3
2476,2,2,2,2,2
2482,3,3,3,3,3
2487,5,5,5,5,5
2498,4,4,4,4,4
2501,4,4,4,3,3
2504,2,3,3,3,3
2511,1,1,1,1,1
2518,5,5,5,5,5
2521,5,6,6,5,5
2530,3,3,3,3,3
2543,4,5,5,4,4
2545,4,4,4,3,3
2561,4,4,4,3,3
2566,4,4,4,3,3
2572,3,3,3,3,3
2577,3,3,3,3,3
2578,2,1,1,2,2
2580,3,3,3,2,2
2581,5,5,5,4,4
2582,4,4,4,4,4
2584,3,3,3,3,3
2590,5,5,5,4,4
2598,3,3,3,3,3
2602,2,1,1,2,2
2605,5,5,5,5,5
2616,4,4,4,3,3
2618,3,4,4,3,3
2619,1,1,1,2,2
2624,5,5,5,5,5
2632,2,1,1,2,2
2640,4,4,4,3,3
2646,4,4,4,4,4
2651,2,2,2,2,2
2660,1,1,1,2,2
2661,4,4,4,3,3
2668,1,1,1,1,1
2670,2,1,1,2,2
2680,3,3,3,3,3
2681,4,4,4,3,3
2689,1,1,1,2,2
2694,5,6,6,4,4
2695,1,1,1,2,2
2696,3,3,3,3,3
2702,3,3,3,3,3
2704,3,3,3,3,3
2708,5,4,4,5,5
2709,3,2,2,2,2
2714,4,4,4,4,4
2716,3,1,1,0,4
2723,1,1,1,2,2
2725,4,3,3,3,3
2738,1,1,1,1,1
2750,4,4,4,3,3
2756,2,1,1,2,2
2758,4,4,4,4,4
2766,3,3,3,3,3
2767,2,1,1,2,2
2771,3,3,3,2,2
2775,4,4,4,3,3
2776,3,3,3,2,2
2779,1,1,1,2,2
2780,3,3,3,3,3
2781,1,1,1,2,2
2782,5,5,5,4,4
2783,4,4,4,3,3
2796,4,4,4,3,3
2798,4,3,3,1,2
2800,3,3,3,3,3
2803,6,7,7,7,7
2806,5,5,5,6,5
2813,3,3,3,3,3
2818,1,1,1,2,2
2821,5,5,5,5,5
2825,5,4,4,4,4
2829,2,2,2,2,2
2830,3,3,3,3,3
2833,4,5,5,4,4
2839,1,1,1,2,2
2843,5,5,5,4,4
2846,4,4,4,3,3
2847,3,3,3,3,3
2848,6,6,6,6,6
2856,4,4,4,4,4
2863,2,1,1,2,2
2867,5,5,5,5,5
2869,4,4,4,3,3
2873,5,5,5,5,5
2874,4,4,4,3,3
2875,3,3,3,3,3
2880,1,1,1,2,2
2886,4,4,4,3,3
2887,3,4,4,3,3
2888,3,2,2,1,1
2889,2,2,2,2,2
2890,2,2,2,3,3
2892,1,1,1,2,2
2901,3,3,3,3,3
2902,2,1,1,1,1
2905,2,2,2,2,2
2917,2,2,2,1,1
2922,3,3,3,3,3
2924,4,4,4,3,3
2930,2,2,2,2,2
2931,5,5,5,5,5
2946,1,1,1,2,2
2955,4,4,4,3,3
2962,3,3,3,2,2
2964,1,1,1,2,2
2965,1,1,1,1,1
2967,5,5,5,3,3
2970,5,5,5,6,6
2973,6,6,6,6,6
2974,1,1,1,2,2
2976,2,1,1,2,2
2977,1,1,1,2,2
2978,1,1,1,1,1
2986,5,5,5,4,4
2988,5,5,5,5,5
2989,2,2,2,2,2
2995,4,4,4,4,4
3005,4,4,4,5,4
3011,4,4,4,5,5
3013,3,3,3,3,3
3019,4,4,4,3,3
3021,2,2,2,2,2
3022,5,5,5,5,5
3029,1,1,1,2,2
3037,4,4,4,3,3
3042,2,2,2,2,2
3043,4,4,4,3,3
3049,4,4,4,3,3
3050,6,6,6,6,6
3053,1,1,1,2,2
3058,1,1,1,2,2
3062,2,2,2,2,2
3063,4,4,4,4,4
3065,2,2,2,2,2
3080,3,3,3,2,2
3088,2,2,2,2,2
3093,1,1,1,2,2
3096,5,5,5,5,5
3101,6,6,6,6,6
3103,1,1,1,1,1
3107,5,6,6,6,6
3109,5,5,5,4,4
3111,6,6,6,6,6
3113,4,4,4,4,4
3116,5,4,4,5,5
3132,3,3,3,3,3
3141,5,5,5,5,5
3153,1,1,1,2,2
3154,2,1,1,2,2
3160,2,1,1,2,2
3167,2,2,2,2,2
3170,4,3,3,3,3
3173,3,3,3,3,3
3174,4,4,4,3,3
3177,5,5,5,5,5
3179,4,3,3,4,4
3184,1,1,1,1,1
3190,3,3,3,3,3
3193,5,5,5,4,4
3199,5,5,5,4,4
3201,1,1,1,2,2
3202,3,2,2,3,2
3203,3,3,3,3,3
3206,3,3,3,3,3
3209,3,3,3,3,3
3210,2,2,2,2,2
3217,5,5,5,4,4
3220,4,4,4,4,4
3228,3,3,3,2,2
3232,3,3,3,3,3
3239,1,1,1,1,1
3243,4,4,4,3,3
3245,3,3,3,3,3
3246,4,4,4,3,3
3251,5,5,5,5,5
3253,5,5,5,5,5
3257,4,3,3,4,4
3260,1,1,1,2,2
3261,4,3,3,4,4
3263,5,5,5,5,5
3278,4,4,4,3,3
3281,3,3,3,3,3
3283,5,5,5,5,5
3290,2,2,2,2,2
3297,3,4,4,3,3
3304,3,2,2,4,4
3305,4,3,3,3,3
3307,5,5,5,3,3
3308,3,3,3,3,3
3313,3,3,3,3,3
3314,3,3,3,3,3
3317,2,1,1,1,1
3348,2,1,1,2,2
3350,2,2,2,2,2
3359,4,4,4,4,4
3367,4,3,3,4,4
3376,3,3,3,3,3
3378,3,3,3,3,3
3384,1,1,1,2,2
3386,3,3,3,3,3
3387,4,4,4,4,4
3388,3,3,3,3,3
3390,4,4,4,4,4
3391,1,1,1,2,2
3396,0,0,0,0,1
3398,4,4,4,3,3
3404,5,5,5,5,5
3406,2,2,2,2,2
3407,3,3,3,4,4
3414,4,4,4,5,5
3419,3,3,3,3,3
3423,2,2,2,2,2
3427,3,3,3,3,3
3432,0,1,1,1,1
3434,3,3,3,3,3
3438,1,1,1,2,2
3442,1,1,1,1,1
3443,1,1,1,2,2
3448,0,1,1,1,1
3456,3,3,3,3,3
3464,5,6,6,6,6
3470,1,1,1,2,2
3475,4,4,4,3,3
3477,4,4,4,3,3
3490,3,3,3,3,3
3493,4,4,4,3,3
3502,4,3,3,3,3
3508,4,4,4,4,4
3516,1,1,1,2,2
3517,4,4,4,5,5
3525,3,3,3,3,3
3532,3,3,3,2,2
3535,4,4,4,3,3
3536,4,5,5,4,4
3540,3,3,3,3,3
3547,3,3,3,3,3
3550,4,4,4,3,3
3557,2,2,2,2,2
3562,1,1,1,2,2
3563,3,3,3,3,3
3564,1,1,1,2,2
3570,3,3,3,3,3
3573,3,3,3,3,3
3577,3,3,3,3,3
3579,4,4,4,3,3
3581,1,1,1,2,1
3587,4,4,4,3,3
3602,4,4,4,3,3
3609,4,4,4,3,3
3612,4,3,3,1,1
3621,3,3,3,3,3
3642,2,2,2,2,2
3647,1,1,1,2,2
3649,3,3,3,3,3
3654,2,2,2,2,2
3660,4,5,5,4,4
3665,4,4,4,4,4
3669,4,4,4,3,3
3673,4,4,4,3,3
3675,2,1,1,2,2
3678,4,4,4,3,3
3680,3,3,3,3,3
3686,5,5,5,6,6
3693,4,4,4,4,4
3710,2,3,3,3,3
3713,5,5,5,4,4
3718,5,5,5,5,5
3725,4,4,4,3,3
3726,3,3,3,3,3
3747,2,2,2,2,2
3753,2,1,1,2,2
3754,5,5,5,5,5
3760,5,6,6,5,5
3763,2,2,2,2,2
3765,4,4,4,4,4
3769,5,5,5,5,5
3771,3,4,4,3,3
3784,3,3,3,2,2
3787,4,5,5,3,3
3794,1,1,1,2,2
3796,4,4,4,3,3
3798,4,4,4,4,4
3809,4,4,4,3,3
3812,5,5,5,5,5
3819,0,1,1,1,1
3828,4,4,4,4,4
3831,5,5,5,5,5
3833,3,3,3,3,3
3837,5,5,5,5,5
3839,1,1,1,1,1
3843,2,1,1,2,2
3846,4,4,4,3,3
3854,5,5,5,5,5
3861,1,1,1,2,2
3864,4,4,4,3,3
3868,3,3,3,3,3
3869,5,5,5,5,5
3870,3,3,3,3,3
3883,3,3,3,3,3
3886,3,3,3,3,3
3889,4,4,4,3,3
3894,1,1,1,1,1
3907,3,3,3,3,3
3910,4,4,4,3,3
3913,1,1,1,2,2
3914,3,3,3,3,3
3921,5,5,5,4,4
3923,1,1,1,2,2
3929,3,3,3,2,2
3931,1,1,1,1,1
3932,5,5,5,5,5
3937,0,1,1,1,1
3943,3,2,2,2,2
3956,4,5,5,4,4
3957,3,3,3,3,3
3961,6,6,6,6,6
3971,3,3,3,3,3
4004,0,1,1,1,1
4005,3,3,3,3,3
4006,4,4,4,4,4
4011,3,3,3,3,3
4013,5,5,5,5,5
4014,6,6,6,6,6
4016,0,1,1,1,1
4017,5,5,5,5,5
4020,3,3,3,3,3
4022,4,4,4,3,3
4026,1,1,1,1,1
4032,1,1,1,2,2
4043,2,2,2,2,2
4045,3,3,3,3,3
4048,5,5,5,5,5
4051,5,5,5,5,5
4052,4,4,4,3,3
4056,3,3,3,3,3
4059,1,1,1,1,1
4069,5,5,5,5,5
4074,4,4,4,3,3
4076,3,3,3,3,3
4077,1,1,1,2,2
4079,1,1,1,1,1
4081,4,4,4,3,3
4088,1,1,1,2,2
4105,3,3,3,3,3
4125,4,4,4,3,3
4134,3,3,3,3,3
4139,2,2,2,2,2
4146,2,2,2,2,2
4149,5,5,5,4,4
4151,0,1,1,0,0
4155,3,3,3,3,3
4157,3,2,2,2,2
4168,5,5,5,5,5
4170,2,2,2,2,2
4174,2,2,2,2,2
4179,5,5,5,5,5
4185,4,5,5,4,4
4199,1,1,1,1,1
4205,1,1,1,2,2
4208,3,3,3,3,3
4211,3,2,2,2,2
4212,-1,1,1,1,1
4215,3,3,3,3,3
4217,4,3,3,3,3
4219,2,1,1,2,2
4226,4,4,4,4,4
4227,3,3,3,3,3
4229,1,1,1,2,2
4231,2,1,1,1,1
4233,1,1,1,2,2
4237,2,2,2,3,3
4243,4,4,4,3,3
4248,5,5,5,4,4
4255,5,5,5,5,5
4262,3,3,3,2,2
4266,1,1,1,2,2
4268,2,2,2,2,2
4270,2,2,2,2,2
4273,2,2,2,2,2
4276,4,4,4,3,3
4277,4,4,4,3,3
4279,2,2,2,2,2
4299,4,4,4,4,4
4313,2,2,2,2,2
4322,4,4,4,4,4
4324,1,1,1,2,2
4328,3,3,3,2,2
4331,3,3,3,3,3
4335,2,2,2,2,2
4337,4,4,4,3,3
4338,1,1,1,2,2
4343,1,1,1,1,1
4347,2,2,2,2,2
4355,4,4,4,3,3
4357,3,3,3,3,3
4359,6,6,6,6,6
4362,2,2,2,2,2
4368,3,3,3,3,3
4374,5,5,5,5,5
4375,5,5,5,5,5
4378,4,4,4,3,3
4381,2,1,1,2,2
4387,4,4,4,3,3
4400,2,2,2,2,2
4423,4,4,4,3,3
4424,3,3,3,3,3
4428,4,4,4,4,4
4433,6,6,6,6,6
4436,1,1,1,2,2
4437,1,1,1,2,2
4439,6,6,6,6,6
4449,4,4,4,3,3
4456,4,4,4,3,3
4463,5,5,5,5,5
4467,2,2,2,2,2
4468,1,1,1,2,2
4469,3,3,3,3,3
4472,4,4,4,3,3
4473,4,4,4,4,4
4476,3,3,3,3,3
4500,3,3,3,3,3
4509,4,5,5,4,4
4513,2,2,2,2,2
4521,1,1,1,2,2
4527,3,3,3,3,3
4530,2,2,2,2,2
4532,3,3,3,3,3
4533,3,3,3,2,2
4535,3,2,2,2,2
4536,4,3,3,5,5
4542,4,4,4,3,3
4551,3,2,2,2,2
4554,4,4,4,3,3
4555,2,2,2,2,2
4564,1,1,1,2,2
4572,2,2,2,2,2
4573,6,6,6,7,6
4577,1,1,1,2,2
4579,5,5,5,5,5
4583,3,3,3,2,2
4584,6,6,6,6,6
4596,4,3,3,3,3
4599,4,4,4,3,3
4607,4,4,4,3,3
4609,0,1,1,1,1
4610,1,1,1,2,2
4616,2,2,2,2,2
4617,3,3,3,3,3
4633,5,5,5,4,4
4638,4,4,4,3,3
4641,3,3,3,3,3
4653,6,7,7,6,6
4655,4,4,4,4,4
4659,2,2,2,2,2
4669,1,1,1,2,2
4678,1,1,1,2,2
4685,4,4,4,3,3
4686,3,3,3,2,2
4691,1,1,1,2,2
4695,4,5,5,4,4
4698,4,4,4,3,3
4700,5,5,5,5,5
4711,4,4,4,3,3
4722,4,4,4,4,4
4727,4,4,4,3,3
4756,6,6,6,6,6
4762,1,1,1,1,1
4763,3,3,3,3,3
4766,5,4,4,5,4
4770,1,1,1,2,2
4784,4,4,4,3,3
4791,3,3,3,3,3
4795,5,5,5,5,5
4799,1,1,1,2,2
4802,4,4,4,4,4
4805,4,4,4,3,3
4814,4,5,5,4,4
4816,1,1,1,2,2
4817,4,4,4,3,3
4822,3,3,3,3,3
4827,2,2,2,2,2
4833,5,5,5,4,4
4836,2,1,1,2,2
4842,3,3,3,3,3
4844,3,3,3,3,3
4845,3,3,3,3,3
4849,4,4,4,4,4
4850,2,1,1,2,2
4860,4,4,4,4,4
4863,3,2,2,2,2
4871,4,4,4,3,3
4878,4,4,4,3,3
4881,3,3,3,3,3
4888,4,4,4,3,3
4900,6,6,6,6,6
4906,3,3,3,3,3
4909,2,1,1,2,2
4916,4,4,4,4,4
4918,5,5,5,5,5
4926,3,3,3,3,3
4928,2,2,2,2,2
4941,2,2,2,2,2
4946,5,5,5,5,5
4949,2,1,1,2,2
4956,3,3,3,3,3
4966,4,5,5,4,4
4969,3,3,3,3,3
4973,4,4,4,3,3
4978,5,5,5,5,5
4982,2,3,3,1,1
4985,4,4,4,4,4
4991,3,3,3,4,4
4998,4,4,4,3,3
5000,2,2,2,2,2
5004,3,3,3,2,2
5005,2,2,2,2,2
5011,4,5,5,3,3
5016,0,1,1,1,1
5018,4,3,3,3,3
5034,4,4,4,4,4
5038,1,1,1,2,2
5042,5,6,6,6,6
5046,3,3,3,3,3
5051,0,1,1,1,1
5054,2,1,1,2,2
5057,4,4,4,4,4
5062,4,4,4,3,3
5063,4,4,4,3,3
5065,3,3,3,3,3
5066,1,1,1,2,2
5076,3,3,3,2,2
5089,3,3,3,3,3
5092,3,3,3,2,2
5093,5,5,5,4,4
5094,4,4,4,4,4
5098,4,4,4,3,3
5102,3,3,3,2,2
5112,5,5,5,5,5
5117,3,3,3,3,3
5127,3,3,3,2,2
5130,3,2,2,2,2
5131,2,2,2,2,2
5132,4,4,4,3,3
5135,1,1,1,2,2
5136,3,3,3,3,3
5147,4,5,5,4,4
5157,4,4,4,3,3
5160,2,2,2,2,2
5165,1,1,1,2,2
5166,1,1,1,2,2
5172,3,2,2,2,2
5173,2,2,2,2,2
5179,1,1,1,2,2
5184,5,5,5,5,5
5187,2,2,2,2,2
5191,3,3,3,3,3
5193,1,1,1,2,2
5194,2,1,1,2,2
5199,2,2,2,2,2
5212,1,1,1,2,2
5213,3,3,3,3,3
5224,4,4,4,3,3
5226,3,3,3,4,4
5239,5,5,5,5,5
5252,5,5,5,4,4
5264,1,1,1,1,1
5266,2,2,2,2,2
5271,5,5,5,5,5
5273,4,4,4,3,3
5276,3,3,3,2,2
5278,5,5,5,4,4
5281,2,2,2,2,2
5283,4,4,4,4,4
5291,2,1,1,1,1
5294,6,6,6,6,6
5296,4,4,4,3,3
5297,1,1,1,2,2
5313,4,4,4,3,3
5314,3,3,3,3,3
5321,3,3,3,3,3
5325,3,3,3,3,3
5326,1,1,1,2,2
5328,4,4,4,3,3
5334,3,3,3,3,3
5338,4,5,5,4,4
5344,1,2,2,2,2
5348,1,1,1,2,2
5352,1,1,1,2,2
5353,4,4,4,3,3
5354,2,1,1,2,2
5361,-1,1,1,1,1
5364,3,3,3,3,3
5365,4,4,4,3,3
5367,1,1,1,1,1
5379,4,3,3,5,5
5382,3,3,3,3,3
5386,5,5,5,5,5
5395,4,4,4,3,3
5410,4,4,4,3,3
5411,3,3,3,3,3
5416,5,5,5,5,5
5424,4,4,4,4,4
5426,3,3,3,3,3
5428,2,1,1,2,2
5430,6,5,5,5,5
5433,2,1,1,2,2
5437,3,3,3,3,3
5440,3,4,4,4,4
5442,5,5,5,5,5
5445,3,3,3,3,3
5449,4,4,4,3,3
5452,4,4,4,3,3
5460,1,1,1,2,2
5461,2,2,2,2,2
5465,1,1,1,2,2
5467,4,4,4,4,4
5471,4,5,5,3,3
5474,2,1,1,2,2
5475,3,3,3,3,3
5480,1,1,1,2,2
5481,4,4,4,3,3
5484,2,1,1,2,2
5494,5,5,5,4,4
5495,1,1,1,2,2
5497,2,1,1,2,2
5499,3,3,3,3,3
5507,2,1,1,2,2
5510,3,3,3,3,3
5515,2,1,1,2,2
5516,2,2,2,2,2
5517,1,1,1,2,2
5524,4,4,4,4,4
5530,5,5,5,6,6
5534,3,3,3,3,3
5543,1,1,1,2,2
5545,3,3,3,3,3
5558,4,4,4,3,3
5562,2,1,1,2,2
5573,6,6,6,7,6
5581,4,4,4,4,4
5583,5,6,6,5,5
5587,4,4,4,3,3
5589,2,2,2,2,2
5591,5,3,3,6,5
5596,3,3,3,3,3
5606,4,4,4,4,4
5608,4,5,5,4,4
5611,4,4,4,3,3
5612,5,5,5,4,4
5614,5,5,5,5,5
5620,4,4,4,3,3
5623,5,5,5,5,5
5624,3,3,3,2,2
5626,5,5,5,6,6
5633,0,1,1,1,1
5635,3,3,3,2,2
5640,4,5,5,4,4
5643,3,3,3,3,3
5644,6,6,6,6,6
5653,5,5,5,5,5
5663,4,4,4,4,4
5664,5,5,5,5,5
5667,2,2,2,2,2
5671,1,1,1,2,2
5673,4,4,4,3,3
5676,3,3,3,2,2
5678,2,1,1,1,1
5698,2,2,2,2,2
5700,6,6,6,6,6
5705,4,4,4,3,3
5706,5,5,5,4,4
5711,2,1,1,2,2
5712,5,5,5,5,5
5716,3,3,3,2,2
5719,3,3,3,3,3
5725,2,2,2,2,2
5728,6,7,7,7,7
5734,0,1,1,1,1
5735,4,5,5,4,4
5743,3,3,3,2,2
5754,1,1,1,2,2
5755,2,2,2,2,2
5756,4,5,5,4,4
5766,3,3,3,3,3
5770,4,4,4,3,3
5774,1,1,1,2,2
5775,2,2,2,2,2
5776,4,4,4,3,3
5778,6,6,6,6,6
5786,3,3,3,3,3
5787,4,4,4,3,3
5791,5,5,5,5,5
5794,4,3,3,3,3
5803,3,3,3,3,3
5804,3,3,3,3,3
5808,2,1,1,2,2
5810,4,4,4,3,3
5813,4,4,4,3,3
5828,4,3,3,3,3
5839,6,6,6,6,6
5842,4,4,4,4,4
5843,2,1,1,1,1
5844,4,4,4,3,3
5847,3,3,3,3,3
5851,2,2,2,2,2
5854,4,4,4,3,3
5857,1,1,1,2,2
5866,1,1,1,1,1
5874,1,1,1,2,2
5886,4,4,4,2,2
5895,2,2,2,1,1
5897,3,3,3,3,3
5898,3,3,3,3,3
5900,2,2,2,2,2
5902,2,2,2,2,2
5908,1,1,1,1,1
5909,3,3,3,3,3
5912,6,6,6,6,6
5913,1,1,1,2,2
5917,5,5,5,5,5
5918,3,3,3,3,3
5921,4,3,3,3,3
5931,1,1,1,1,1
5942,4,4,4,3,3
5943,4,3,3,3,3
5950,4,4,4,3,3
5954,1,1,1,1,1
5983,3,3,3,3,3
5995,3,3,3,3,3
6002,2,2,2,2,2
6005,4,4,4,3,3
6009,6,6,6,6,6
6011,3,3,3,3,3
6012,5,5,5,5,5
6019,1,1,1,2,2
6021,3,3,3,3,3
6029,5,5,5,5,5
6036,3,2,2,1,1
6037,3,3,3,3,3
6038,0,1,1,1,1
6043,2,2,2,1,1
6045,4,4,4,4,4
6047,1,1,1,2,2
6048,3,3,3,3,3
6061,4,4,4,4,4
6063,3,3,3,2,2
6064,5,5,5,5,5
6068,5,5,5,4,4
6069,1,1,1,2,2
6070,4,4,4,3,3
6071,5,6,6,5,5
6074,4,5,5,4,4
6079,4,4,4,3,3
6082,3,3,3,3,3
6088,5,4,4,4,4
6094,3,3,3,3,3
6095,2,1,1,2,2
6098,3,3,3,3,3
6102,4,4,4,3,3
6105,2,1,1,2,2
6113,4,3,3,6,5
6116,3,3,3,3,3
6120,2,1,1,2,2
6121,3,2,2,2,2
6126,3,3,3,2,2
6144,3,2,2,1,1
6145,4,4,4,3,3
6153,2,2,2,3,3
6156,4,4,4,3,3
6159,4,4,4,4,4
6162,2,1,1,2,2
6184,3,2,2,3,3
6188,3,3,3,3,3
6189,3,3,3,3,3
6191,2,2,2,2,2
6211,2,1,1,2,2
6216,4,4,4,3,3
6218,1,1,1,2,2
6222,1,1,1,1,1
6235,4,3,3,3,3
6245,1,1,1,2,2
6248,4,4,4,3,3
6253,3,3,3,2,2
6256,1,1,1,1,1
6257,4,4,4,2,2
6259,0,1,1,1,1
6266,4,5,5,4,4
6268,4,4,4,3,3
6275,0,1,1,1,1
6280,3,3,3,3,3
6283,2,2,2,2,2
6288,5,5,5,5,5
6289,2,2,2,2,2
6301,5,5,5,4,4
6308,4,4,4,2,2
6314,4,4,4,4,4
6315,0,1,1,1,1
6316,4,4,4,3,3
6317,3,3,3,3,3
6318,3,3,3,2,2
6323,4,4,4,3,3
6329,4,4,4,3,3
6336,1,1,1,2,2
6341,4,5,5,4,4
6348,4,4,4,3,3
6349,4,4,4,4,4
6365,1,1,1,2,2
6372,4,3,3,3,3
6376,3,3,3,3,3
6378,1,1,1,2,2
6379,4,5,5,4,4
6382,1,1,1,1,1
6383,3,3,3,3,3
6389,5,5,5,5,5
6390,1,2,2,2,2
6392,5,5,5,5,5
6394,2,2,2,2,2
6402,2,1,1,2,2
6404,4,4,4,4,4
6405,2,2,2,3,3
6406,1,1,1,2,2
6409,5,4,4,4,4
6410,5,5,5,5,5
6411,4,4,4,3,3
6421,4,3,3,5,5
6428,6,6,6,7,7
6429,2,2,2,2,2
6432,4,4,4,4,4
6436,1,1,1,2,2
6437,4,4,4,3,3
6438,2,1,1,1,1
6445,3,3,3,3,3
6447,4,4,4,4,4
6450,4,4,4,3,3
6462,4,5,5,3,3
6467,4,4,4,3,3
6478,4,4,4,3,3
6484,5,5,5,4,4
6492,4,4,4,3,3
6497,6,6,6,6,6
6504,3,3,3,3,3
6505,1,1,1,2,2
6513,3,3,3,3,3
6525,5,5,5,5,5
6526,4,5,5,4,4
6528,3,3,3,3,3
6540,2,2,2,2,2
6542,2,1,1,2,2
6544,5,5,5,5,5
6548,4,4,4,3,3
6552,4,3,3,3,3
6558,4,4,4,3,3
6567,3,3,3,2,2
6569,5,5,5,5,5
6572,5,6,6,6,6
6577,5,6,6,6,6
6581,4,3,3,3,3
6588,3,3,3,3,3
6591,2,2,2,2,2
6594,2,2,2,2,2
6600,5,6,6,4,4
6602,3,3,3,3,3
6604,3,3,3,3,3
6605,4,4,4,3,3
6614,2,2,2,2,2
6616,1,1,1,1,1
6621,1,1,1,2,2
6640,5,5,5,4,4
6641,3,3,3,3,3
6643,2,2,2,2,2
6644,1,1,1,2,2
6649,2,2,2,2,2
6650,4,4,4,3,3
6655,6,6,6,6,5
6661,2,2,2,2,2
6672,5,5,5,5,5
6677,1,1,1,2,2
6688,2,2,2,2,2
6689,5,5,5,5,5
6691,3,2,2,3,3
6692,5,5,5,4,4
6694,4,3,3,3,3
6702,2,2,2,2,2
6714,1,1,1,2,2
6716,5,5,5,5,5
6724,4,4,4,3,3
6725,1,1,1,2,2
6730,4,4,4,3,3
6735,3,3,3,3,3
6738,3,3,3,3,3
6739,3,3,3,3,3
6743,4,4,4,3,3
6747,3,3,3,3,3
6750,6,7,7,7,7
6751,4,4,4,3,3
6753,4,4,4,4,4
6754,3,3,3,3,3
6755,1,1,1,1,1
6762,4,4,4,3,3
6764,4,4,4,3,3
6772,2,1,1,2,2
6774,1,1,1,2,2
6787,3,3,3,2,2
6789,3,3,3,2,2
6793,4,4,4,4,4
6798,2,2,2,2,2
6799,1,1,1,1,1
6800,4,4,4,4,4
6802,1,1,1,2,2
6808,1,1,1,2,2
6809,4,4,4,4,4
6812,4,4,4,3,3
6814,3,3,3,3,3
6816,3,3,3,3,3
6822,1,1,1,2,2
6829,4,4,4,3,3
6834,2,2,2,2,2
6836,5,5,5,5,5
6839,4,4,4,3,3
6840,1,1,1,2,2
6843,2,2,2,2,2
6846,2,2,2,2,2
6848,1,1,1,2,2
6852,3,3,3,2,2
6856,5,5,5,5,5
6860,4,5,5,4,4
6866,5,5,5,4,4
6870,4,4,4,4,4
6878,2,1,1,2,2
6880,5,5,5,5,5
6885,5,5,5,3,4
6897,4,5,5,4,4
6902,4,4,4,3,3
6904,4,4,4,4,4
6907,4,4,4,4,4
6909,2,1,1,2,2
6914,2,2,2,2,2
6915,5,5,5,4,4
6922,1,1,1,2,2
6924,2,2,2,2,2
6933,3,3,3,2,2
6934,4,4,4,4,4
6941,4,4,4,3,3
6957,2,2,2,2,2
6960,3,2,2,1,1
6969,0,1,1,1,1
6975,3,3,3,3,3
6980,1,1,1,2,2
6983,1,1,1,2,2
6987,3,2,2,2,2
6994,3,3,3,3,3
6997,5,5,5,4,4
7002,3,3,3,3,3
7010,2,2,2,2,2
7015,3,3,3,3,3
7019,3,3,3,3,3
7022,4,4,4,3,3
7025,2,2,2,3,3
7029,4,4,4,4,4
7031,2,2,2,2,2
7037,2,2,2,2,2
7038,4,4,4,3,3
7043,1,1,1,1,1
7049,3,3,3,3,3
7052,3,3,3,3,3
7053,4,5,5,4,4
7056,4,3,3,3,3
7057,5,5,5,4,4
7080,1,1,1,2,2
7086,1,1,1,2,2
7087,3,3,3,2,2
7105,4,4,4,3,3
7108,3,3,3,2,2
7121,1,1,1,1,1
7122,2,2,2,2,2
7125,2,1,1,2,2
7132,3,3,3,3,3
7134,3,3,3,3,3
7151,3,3,3,3,3
7152,4,4,4,3,3
7157,3,3,3,3,3
7159,1,1,1,2,2
7166,2,1,1,2,2
7167,1,1,1,2,2
7177,3,3,3,3,3
7179,1,1,1,2,2
7181,2,2,2,2,2
7183,5,5,5,4,4
7186,4,4,4,3,3
7193,5,5,5,5,5
7205,3,3,3,3,3
7207,1,1,1,2,2
7209,4,3,3,4,4
7216,2,2,2,2,2
7232,1,2,2,1,1
7235,1,1,1,2,2
7238,3,3,3,2,2
7240,2,2,2,2,2
7243,0,1,1,2,2
7252,2,2,2,2,2
7269,2,2,2,2,2
7275,4,4,4,3,3
7281,2,2,2,2,2
7283,1,1,1,1,1
7287,6,6,6,6,6
7289,5,5,5,6,6
7291,4,4,4,4,4
7294,3,2,2,3,3
7304,5,5,5,5,5
7308,4,4,4,3,3
7313,3,3,3,3,3
7319,1,1,1,2,2
7325,1,1,1,2,2
7326,3,3,3,3,3
7330,5,5,5,5,5
7332,4,4,4,3,3
7337,1,1,1,2,2
7341,1,1,1,2,2
7346,4,4,4,3,3
7353,0,1,1,1,1
7354,4,4,4,4,4
7361,2,1,1,2,2
7366,2,1,1,2,2
7368,5,5,5,5,5
7372,4,3,3,4,4
7375,3,3,3,3,3
7377,5,6,6,6,6
7380,2,1,1,2,2
7382,5,5,5,4,4
7385,3,3,3,3,3
7392,2,2,2,2,2
7395,4,4,4,3,3
7397,4,3,3,3,3
7403,4,4,4,3,3
7406,4,4,4,3,3
7409,0,1,1,1,1
7410,4,4,4,3,3
7412,4,4,4,3,3
7419,3,3,3,3,3
7425,3,3,3,3,3
7435,6,7,7,7,7
7438,4,4,4,3,3
7440,4,4,4,3,3
7447,4,4,4,3,3
7449,3,2,2,2,2
7456,4,4,4,3,3
7464,4,4,4,3,3
7478,3,2,2,3,3
7480,4,4,4,3,3
7481,5,5,5,5,5
7483,3,3,3,2,2
7484,1,1,1,2,2
7491,4,4,4,4,4
7494,2,2,2,2,2
7501,2,2,2,2,2
7503,4,4,4,4,4
7509,2,2,2,2,2
7517,1,1,1,1,1
7518,6,6,6,6,6
7519,2,2,2,2,2
7521,5,5,5,5,5
7522,3,2,2,2,2
7536,4,4,4,3,3
7539,1,1,1,2,2
7547,5,6,6,6,6
7549,3,3,3,3,3
7552,3,3,3,3,3
7554,1,1,1,2,2
7556,4,3,3,3,3
7564,4,4,4,3,3
7566,1,1,1,2,2
7570,5,5,5,4,4
7571,3,3,3,3,3
7572,4,4,4,3,3
7575,2,2,2,2,2
7586,3,3,3,1,1
7589,5,5,5,5,5
7590,3,3,3,3,3
7597,4,4,4,3,3
7602,4,4,4,3,3
7604,4,4,4,4,4
7605,3,3,3,3,3
7612,2,1,1,1,1
7615,4,4,4,4,4
7617,3,3,3,3,3
7624,4,4,4,3,3
7632,4,5,5,4,4
7639,4,3,3,2,2
7642,3,3,3,3,3
7643,3,3,3,2,2
7649,3,4,4,3,3
7650,1,1,1,2,2
7653,4,5,5,4,4
7654,3,3,3,3,3
7657,5,5,5,5,5
7662,1,1,1,1,1
7669,4,4,4,3,3
7671,3,3,3,2,3
7675,1,1,1,2,2
7678,5,5,5,4,4
7682,4,4,4,4,4
7688,1,1,1,2,2
7689,1,1,1,2,2
7690,5,5,5,5,5
7692,2,2,2,2,2
7699,2,2,2,2,2
7705,3,3,3,3,3
7712,4,3,3,3,3
7726,4,4,4,3,3
7728,2,2,2,2,2
7735,3,2,2,1,1
7737,2,2,2,2,2
7739,4,4,4,3,3
7743,2,1,1,2,2
7744,5,5,5,4,4
7746,2,2,2,2,2
7749,1,1,1,2,2
7750,4,2,2,4,4
7752,4,4,4,3,3
7755,5,5,5,5,5
7756,4,4,4,3,3
7762,5,5,5,4,4
7764,1,1,1,2,2
7769,2,2,2,2,2
7770,2,2,2,2,2
7776,5,5,5,5,5
7778,5,6,6,5,5
7784,3,2,2,3,3
7786,3,3,3,2,2
7789,4,4,4,3,3
7793,4,4,4,3,3
7794,1,1,1,2,2
7804,4,4,4,3,3
7811,4,4,4,3,3
7813,3,3,3,3,3
7815,3,3,3,3,3
7817,1,1,1,2,2
7818,4,4,4,3,3
7821,6,6,6,6,6
7825,4,4,4,3,3
7830,5,5,5,5,5
7832,4,4,4,3,3
7835,2,1,1,2,2
7839,6,6,6,6,6
7842,5,5,5,5,5
7849,4,5,5,4,4
7856,3,3,3,3,3
7857,3,3,3,3,3
7863,4,4,4,4,4
7866,5,5,5,4,4
7871,4,3,3,3,3
7875,2,2,2,2,2
7882,2,2,2,2,2
7887,1,1,1,1,1
7888,4,4,4,3,3
7891,2,2,2,2,2
7895,4,3,3,2,2
7901,5,5,5,4,4
7906,2,2,2,2,2
7908,1,1,1,2,2
7917,2,2,2,2,2
7924,3,3,3,3,3
7948,4,5,5,4,4
7950,6,6,6,6,6
7955,2,3,3,3,3
7957,2,2,2,2,2
7959,3,2,2,2,2
7967,6,6,6,5,5
7969,3,3,3,3,3
7971,4,4,4,3,3
7974,3,3,3,3,3
7976,2,3,3,3,3
7986,6,6,6,6,6
7987,1,1,1,2,2
7993,4,3,3,4,4
7996,4,4,4,3,3
7998,3,3,3,3,3
8018,3,2,2,3,3
8019,2,2,2,2,2
8027,1,1,1,2,2
8036,2,1,1,2,2
8040,5,5,5,4,4
8044,4,4,4,4,4
8050,3,3,3,3,3
8052,1,1,1,1,1
8054,1,1,1,1,1
8057,4,4,4,3,3
8058,5,5,5,4,4
8059,3,3,3,3,3
8066,4,3,3,2,2
8070,6,6,6,6,6
8072,5,6,6,6,6
8078,3,3,3,3,3
8079,4,4,4,3,3
8080,4,4,4,4,4
8081,5,5,5,4,4
8088,1,1,1,2,2
8091,2,3,3,3,3
8094,3,3,3,3,3
8095,3,3,3,3,3
8099,5,5,5,4,4
8101,5,6,6,5,5
8102,5,5,5,5,5
8116,5,5,5,5,5
8125,4,5,5,4,4
8134,2,2,2,2,2
8139,2,1,1,2,2
8141,4,4,4,4,4
8147,3,3,3,3,3
8158,6,6,6,6,6
8160,3,3,3,3,3
8165,3,3,3,3,3
8187,2,2,2,2,2
8205,1,1,1,2,2
8209,3,3,3,3,3
8211,4,4,4,3,3
8232,4,4,4,3,3
8236,4,4,4,3,3
8237,5,5,5,5,5
8238,6,6,6,6,6
8245,4,4,4,4,4
8256,3,3,3,3,3
8268,4,3,3,3,3
8269,2,2,2,2,2
8270,4,4,4,4,4
8286,3,3,3,3,3
8289,4,4,4,3,3
8301,3,3,3,3,3
8305,1,1,1,2,2
8310,3,3,3,3,3
8312,0,1,1,1,1
8318,5,5,5,5,5
8321,4,4,4,4,4
8328,2,1,1,2,2
8331,4,5,5,4,4
8334,3,3,3,3,3
8344,4,4,4,3,3
8345,2,2,2,2,2
8352,5,5,5,5,5
8358,4,4,4,3,3
8359,2,2,2,2,2
8360,3,3,3,3,3
8365,3,3,3,3,3
8366,3,3,3,3,3
8369,5,5,5,5,5
8373,5,5,5,5,5
8378,4,4,4,3,3
8392,3,3,3,3,3
8397,3,3,3,3,3
8399,2,2,2,2,2
8400,3,3,3,3,3
8405,3,3,3,3,3
8406,4,5,5,4,4
8410,2,1,1,2,2
8413,4,4,4,4,4
8414,0,1,1,1,1
8416,5,4,4,5,5
8426,2,2,2,2,2
8434,5,5,5,4,4
8439,2,2,2,2,2
8440,1,1,1,1,1
8475,5,5,5,4,4
8480,5,5,5,5,5
8497,2,2,2,2,2
8499,2,1,1,2,2
8500,3,3,3,3,3
8501,3,3,3,3,3
8502,3,3,3,2,2
8518,5,5,5,4,4
8520,4,4,4,3,3
8523,4,4,4,4,4
8525,1,1,1,1,1
8532,3,3,3,3,3
8535,2,2,2,2,2
8543,2,1,1,2,2
8554,2,1,1,2,2
8560,5,5,5,5,5
8561,5,4,4,3,3
8563,1,1,1,2,2
8566,1,1,1,2,2
8570,4,4,4,3,3
8572,4,4,4,3,3
8582,1,1,1,1,1
8583,1,1,1,2,2
8587,1,1,1,2,2
8592,2,2,2,2,2
8593,2,2,2,2,2
8607,1,1,1,2,2
8609,4,5,5,4,4
8610,4,4,4,3,3
8614,4,4,4,3,3
8616,5,5,5,5,5
8622,4,4,4,3,3
8623,4,4,4,3,3
8624,1,1,1,2,2
8633,6,6,6,6,6
8641,6,6,6,6,6
8644,5,5,5,5,5
8649,4,4,4,3,3
8653,3,3,3,3,3
8657,6,6,6,6,6
8658,3,3,3,3,3
8663,3,4,4,3,3
8672,2,2,2,2,2
8680,0,1,1,1,1
8684,3,3,3,3,3
8687,1,1,1,2,2
8688,4,4,4,3,3
8690,4,4,4,3,3
8712,0,1,1,1,1
8717,3,3,3,3,3
8730,5,5,5,5,5
8739,4,4,4,3,3
8744,4,4,4,4,4
8747,5,5,5,5,5
8748,4,4,4,4,4
8751,3,3,3,2,2
8758,4,4,4,3,3
8761,1,1,1,2,2
8763,2,2,2,2,2
8764,4,5,5,3,3
8765,5,6,6,6,6
8773,5,5,5,5,5
8780,3,3,3,3,3
8781,3,3,3,3,3
8782,4,4,4,3,3
8785,-1,1,1,1,1
8786,2,2,2,2,2
8797,1,1,1,2,2
8799,4,4,4,4,4
8807,1,1,1,1,1
8816,4,4,4,3,3
8817,4,4,4,3,3
8826,5,5,5,5,5
8833,3,3,3,3,3
8834,3,3,3,3,3
8835,2,2,2,2,2
8840,5,5,5,5,5
8843,3,3,3,3,3
8849,3,3,3,3,3
8855,3,3,3,3,3
8861,2,2,2,2,2
8862,4,3,3,4,4
8865,3,3,3,2,2
8868,5,5,5,5,5
8870,4,5,5,3,3
8880,4,5,5,4,4
8885,1,1,1,2,2
8894,2,1,1,2,2
8895,5,5,5,4,4
8899,5,5,5,4,4
8912,2,1,1,2,2
8922,2,2,2,2,2
8924,4,3,3,3,3
8928,4,4,4,4,4
8932,2,1,1,2,2
8943,5,6,6,6,6
8945,6,6,6,6,6
8946,4,5,5,4,4
8954,2,1,1,1,1
8958,4,4,4,3,3
8960,1,1,1,2,2
8965,1,2,2,1,1
8966,4,5,5,4,4
8967,2,2,2,2,2
8969,3,3,3,3,3
8980,4,4,4,4,4
8984,4,4,4,4,4
8985,3,3,3,3,3
8988,3,3,3,3,3
8989,4,5,5,4,4
8995,1,1,1,2,2
9004,3,3,3,3,3
9010,2,2,2,1,1
9012,1,1,1,2,2
9018,4,4,4,3,3
9036,0,1,1,1,1
9037,2,2,2,2,2
9040,2,2,2,2,2
9041,5,5,5,4,4
9044,5,5,5,6,6
9045,3,3,3,3,3
9047,2,3,3,2,2
9049,1,1,1,2,2
9061,2,1,1,2,2
9062,2,3,3,3,3
9076,4,4,4,3,3
9079,2,2,2,2,2
9081,4,4,4,4,4
9082,4,4,4,4,4
9089,0,1,1,1,1
9092,3,3,3,3,3
9094,2,2,2,2,2
9115,1,1,1,2,2
9117,4,4,4,4,4
9118,3,3,3,3,3
9120,1,1,1,2,2
9124,3,3,3,3,3
9128,0,1,1,1,1
9135,1,1,1,2,2
9136,3,3,3,3,3
9138,4,4,4,4,4
9157,4,4,4,4,4
9176,2,1,1,2,2
9183,1,1,1,2,2
9187,3,3,3,3,3
9188,1,1,1,2,2
9190,4,4,4,5,5
9197,4,4,4,4,4
9200,4,4,4,3,3
9201,1,1,1,2,2
9203,2,1,1,2,2
9212,4,4,4,3,3
9213,1,1,1,2,2
9214,5,5,5,5,5
9217,3,3,3,3,3
9219,3,3,3,3,3
9220,5,5,5,5,5
9221,6,6,6,6,6
9237,2,1,1,2,2
9240,4,4,4,3,3
9241,2,2,2,2,2
9248,4,4,4,3,3
9253,6,6,6,7,7
9259,4,5,5,3,3
9267,2,2,2,2,2
9271,3,3,3,3,3
9273,1,1,1,2,2
9285,6,5,5,6,6
9290,4,4,4,3,3
9291,3,2,2,1,1
9293,1,1,1,2,2
9294,4,4,4,3,3
9301,3,3,3,3,3
9302,4,4,4,4,4
9312,2,2,2,2,2
9316,4,4,4,3,3
9319,2,1,1,2,2
9328,5,5,5,5,5
9331,4,3,3,2,2
9338,0,1,1,1,1
9350,3,3,3,3,3
9356,4,4,4,3,3
9359,2,2,2,2,2
9362,3,3,3,3,3
9364,3,3,3,3,3
9370,3,3,3,3,3
9380,0,1,1,2,2
9386,4,5,5,4,4
9394,1,1,1,2,2
9407,4,4,4,3,3
9411,3,3,3,3,3
9422,4,4,4,3,3
9423,1,1,1,2,2
9429,2,1,1,2,2
9433,1,1,1,1,1
9439,1,1,1,2,2
9451,4,4,4,4,4
9452,3,3,3,3,4
9453,1,1,1,2,2
9460,5,5,5,5,5
9465,5,6,6,4,4
9470,5,4,4,4,4
9476,4,4,4,3,4
9485,4,4,4,3,3
9486,1,1,1,2,2
9488,3,3,3,3,3
9507,6,5,5,6,6
9508,1,1,1,2,2
9517,6,7,7,7,7
9521,5,6,6,4,4
9528,4,3,3,3,3
9532,3,3,3,3,3
9536,3,3,3,2,2
9540,5,5,5,5,5
9542,4,4,4,4,4
9546,4,4,4,3,3
9548,4,4,4,4,4
9549,6,6,6,6,6
9554,5,5,5,5,5
9555,4,4,4,3,3
9558,1,1,1,2,2
9573,1,1,1,2,2
9575,5,5,5,5,5
9584,3,3,3,3,3
9586,4,4,4,3,3
9588,5,6,6,6,6
9591,1,1,1,2,2
9592,5,4,4,4,4
9597,6,6,6,6,6
9600,4,4,4,4,4
9603,4,4,4,3,3
9605,2,2,2,2,2
9614,1,1,1,2,2
9616,4,4,4,5,5
9622,4,4,4,3,3
9624,4,4,4,4,4
9629,1,1,1,2,2
9633,4,4,4,4,4
9640,4,4,4,4,4
9644,1,1,1,1,1
9645,1,1,1,2,2
9646,3,3,3,3,3
9648,3,3,3,3,3
9649,0,1,1,1,1
9660,4,4,4,4,4
9664,2,2,2,1,1
9675,2,2,2,2,2
9679,3,3,3,3,3
9680,3,3,3,3,3
9682,1,1,1,2,2
9697,3,3,3,3,3
9701,4,4,4,3,3
9704,3,3,3,3,3
9705,2,2,2,2,2
9707,4,4,4,4,4
9714,2,1,1,2,2
9718,3,3,3,2,2
9722,5,5,5,5,5
9739,3,3,3,3,3
9747,6,6,6,6,6
9751,1,1,1,2,2
9757,2,2,2,2,2
9759,4,4,4,3,3
9760,4,4,4,4,4
9764,3,3,3,2,2
9776,2,1,1,2,2
9778,3,3,3,3,3
9786,0,1,1,1,1
9803,4,4,4,3,3
9804,4,4,4,4,4
9815,5,5,5,5,5
9824,2,2,2,2,2
9825,1,1,1,1,1
9826,3,3,3,3,3
9827,4,4,4,3,3
9833,4,4,4,3,3
9835,0,1,1,1,1
9860,4,4,4,3,3
9865,3,3,3,3,3
9871,4,4,4,3,3
9874,1,1,1,2,2
9880,3,3,3,3,3
9882,1,1,1,2,2
9885,3,3,3,3,3
9888,4,4,4,4,4
9892,2,2,2,2,2
9893,5,5,5,5,5
9896,1,1,1,2,2
9902,3,3,3,3,3
9906,4,4,4,3,3
9910,5,5,5,5,5
9914,2,2,2,3,2
9918,2,2,2,2,2
9920,1,1,1,2,2
9926,4,3,3,1,1
9931,5,6,6,6,6
9935,4,4,4,4,4
9945,4,4,4,4,4
9953,2,2,2,2,2
9957,3,3,3,3,3
9963,4,4,4,3,3
9972,4,4,4,4,4
9976,5,5,5,4,4
9979,3,3,3,3,3
9980,2,1,1,2,2
9982,2,2,2,2,2
9991,4,4,4,3,3
10000,5,5,5,3,3
10003,4,4,4,3,3
10005,2,2,2,2,2
10014,4,4,4,2,2
10032,3,3,3,3,3
10034,3,3,3,3,3
10041,2,2,2,2,2
10042,4,4,4,4,4
10044,5,5,5,5,5
10045,0,1,1,1,1
10054,4,4,4,3,3
10061,5,5,5,6,6
10062,2,1,1,2,2
10073,2,2,2,1,1
10081,2,1,1,2,2
10084,2,1,1,2,2
10086,0,1,1,1,1
10093,1,1,1,2,2
10101,5,5,5,5,5
10105,4,4,4,4,4
10110,4,4,4,3,3
10113,3,3,3,3,3
10115,3,3,3,3,3
10119,4,4,4,3,3
10121,4,4,4,3,3
10124,2,1,1,2,2
10126,5,5,5,5,5
10127,3,3,3,3,3
10145,3,3,3,3,3
10147,1,1,1,2,2
10148,2,3,3,2,2
10162,2,2,2,2,2
10163,3,3,3,3,3
10166,2,2,2,2,2
10172,4,4,4,3,3
10173,2,2,2,2,2
10175,2,2,2,2,2
10180,4,3,3,3,3
10186,2,1,1,2,2
10192,4,4,4,3,3
10199,3,3,3,3,3
10209,0,1,1,1,1
10210,6,7,7,7,7
10214,3,2,2,1,1
10215,1,1,1,1,1
10216,1,1,1,2,2
10232,3,3,3,3,3
10239,5,5,5,5,5
10249,5,5,5,4,4
10253,5,5,5,5,5
10255,1,1,1,2,2
10262,3,3,3,2,2
10264,2,2,2,2,2
10266,2,1,1,2,2
10268,2,1,1,2,2
10271,3,3,3,2,2
10272,5,5,5,5,5
10276,1,1,1,2,2
10277,2,2,2,2,2
10279,3,2,2,1,1
10281,2,2,2,2,2
10285,2,2,2,2,2
10294,1,1,1,2,2
10300,3,3,3,2,2
10304,3,3,3,3,3
10307,3,3,3,3,3
10309,5,5,5,5,5
10310,1,1,1,2,2
10312,1,1,1,1,1
10321,4,3,3,3,3
10332,1,1,1,1,1
10336,4,4,4,3,3
10368,3,3,3,3,3
10369,5,5,5,4,4
10375,1,1,1,1,1
10376,1,1,1,2,2
10379,4,3,3,3,3
10380,3,3,3,3,3
10383,2,2,2,2,2
10385,5,5,5,5,5
10387,4,4,4,3,3
10397,3,3,3,3,3
10412,3,3,3,3,3
10413,2,2,2,2,2
10418,2,2,2,2,2
10420,4,4,4,3,3
10426,4,4,4,3,3
10427,2,3,3,2,2
10428,4,3,3,3,3
10430,1,1,1,2,2
10435,2,1,1,2,2
10436,1,1,1,1,1
10446,6,6,6,6,6
10448,4,4,4,3,3
10449,4,5,5,4,4
10463,2,2,2,2,2
10469,2,2,2,2,2
10470,5,5,5,4,4
10471,4,4,4,3,3
10473,5,5,5,5,5
10476,3,3,3,3,3
10482,3,3,3,3,3
10500,3,3,3,3,3
10511,5,5,5,5,5
10512,4,4,4,3,3
10514,4,4,4,3,3
10515,5,5,5,4,4
10526,1,1,1,2,2
10546,1,1,1,2,2
10549,4,4,4,3,3
10553,1,1,1,2,2
10558,2,2,2,2,2
10575,1,1,1,1,1
10581,2,2,2,2,2
10583,2,2,2,1,1
10584,1,1,1,2,2
10585,2,1,1,2,2
10610,2,2,2,2,2
10611,0,1,1,1,1
10616,4,4,4,2,2
10618,3,3,3,3,3
10628,0,1,1,1,1
10632,1,1,1,2,2
10642,4,4,4,3,3
10648,3,3,3,4,4
10649,4,4,4,3,3
10650,3,3,3,2,2
10654,2,2,2,2,2
10656,5,5,5,5,5
10661,5,5,5,5,5
10663,2,2,2,2,2
10672,3,3,3,3,3
10678,5,5,5,5,5
10685,4,4,4,4,4
10690,5,5,5,5,5
10702,4,4,4,3,3
10706,3,3,3,3,3
10708,2,2,2,2,2
10716,3,3,3,3,3
10717,5,5,5,5,5
10720,5,5,5,5,5
10729,1,1,1,2,2
10730,5,6,6,6,6
10745,2,1,1,2,2
10753,2,2,2,2,2
10754,2,2,2,2,2
10762,2,2,2,2,2
10766,1,1,1,2,2
10776,0,1,1,1,1
10783,2,3,3,2,2
10789,3,3,3,2,2
10790,5,5,5,4,4
10797,1,1,1,1,1
10807,3,3,3,3,3
10810,1,1,1,2,2
10817,3,3,3,3,3
10820,2,2,2,3,3
10822,3,3,3,2,2
10828,4,4,4,3,3
10829,2,2,2,2,2
10830,3,3,3,2,2
10831,6,6,6,6,6
10841,5,5,5,5,5
10847,3,3,3,3,3
10856,0,1,1,1,1
10860,0,1,1,1,1
10861,5,5,5,5,5
10863,3,3,3,3,3
10875,3,3,3,3,3
10884,4,5,5,4,4
10895,1,1,1,2,2
10897,3,3,3,3,3
10898,3,3,3,3,3
10903,1,1,1,0,1
10908,2,1,1,2,2
10924,2,2,2,3,3
10926,2,2,2,2,2
10927,3,3,3,3,3
10928,3,3,3,3,3
10933,1,1,1,1,1
10939,6,6,6,6,6
10942,3,2,2,1,1
10945,3,3,3,3,3
10949,4,4,4,3,3
10950,3,3,3,3,3
10958,5,6,6,6,6
10963,4,4,4,3,3
10967,4,4,4,3,3
10971,1,1,1,2,2
10972,2,1,1,2,2
10974,4,4,4,3,3
10976,5,5,5,5,5
10980,3,3,3,3,3
10991,2,1,1,2,2
10995,5,4,4,4,4
11014,5,5,5,5,5
11017,4,5,5,4,4
11019,4,5,5,4,4
11022,1,1,1,2,2
11030,5,4,4,4,4
11031,3,3,3,3,3
11041,2,1,1,2,2
11042,4,4,4,3,3
11044,4,4,4,4,4
11047,4,5,5,4,4
11048,3,3,3,3,3
11049,3,3,3,3,3
11052,3,3,3,3,3
11058,1,1,1,2,2
11069,4,3,3,3,3
11070,3,3,3,2,2
11073,5,5,5,5,5
11074,1,1,1,2,2
11078,2,1,1,2,2
11079,0,1,1,1,1
11085,1,1,1,2,2
11088,4,4,4,3,3
11106,1,1,1,2,2
11110,5,6,6,6,6
11114,4,4,4,3,3
11118,2,2,2,2,2
11129,4,5,5,4,4
11130,4,4,4,3,3
11131,4,4,4,3,3
11133,2,2,2,2,2
11138,4,4,4,3,3
11143,4,4,4,3,3
11146,5,5,5,4,4
11153,4,4,4,3,3
11162,4,4,4,3,4
11170,6,6,6,7,6
11171,1,1,1,1,1
11201,4,4,4,3,3
11216,5,5,5,5,5
11219,3,3,3,3,3
11222,5,5,5,4,4
11234,1,1,1,2,2
11238,4,4,4,3,3
11244,4,3,3,3,3
11246,1,1,1,1,1
11248,3,2,2,3,3
11250,1,1,1,2,2
11256,4,5,5,3,3
11259,2,2,2,2,2
11263,1,1,1,1,1
11264,3,3,3,3,3
11270,1,1,1,2,2
11274,1,1,1,2,2
11281,3,3,3,3,3
11285,1,1,1,2,2
11300,2,2,2,2,2
11305,3,3,3,2,2
11317,4,4,4,3,3
11319,2,2,2,2,2
11330,2,2,2,2,2
11334,5,5,5,5,5
11335,5,5,5,5,5
11336,3,3,3,3,3
11356,4,4,4,4,4
11358,3,2,2,1,1
11360,1,1,1,2,2
11364,1,1,1,2,2
11373,6,6,6,6,6
11379,4,4,4,3,3
11382,4,4,4,4,4
11383,2,1,1,2,2
11385,4,4,4,4,4
11387,3,3,3,3,3
11391,3,3,3,3,3
11397,2,2,2,2,2
11404,2,2,2,2,2
11405,1,1,1,1,1
11409,4,4,4,3,3
11419,3,3,3,3,3
11430,4,4,4,4,4
11434,5,5,5,6,6
11436,2,2,2,2,2
11440,3,3,3,3,3
11443,3,3,3,3,3
11449,3,3,3,2,2
11452,4,2,2,1,1
11453,1,1,1,2,2
11456,3,3,3,5,5
11457,1,1,1,2,2
11459,4,4,4,3,3
11471,1,1,1,1,1
11476,4,3,3,3,3
11479,1,1,1,1,1
11481,4,4,4,3,3
11485,3,3,3,3,3
11486,2,2,2,2,2
11487,2,3,3,2,2
11488,2,2,2,2,2
11498,2,2,2,2,2
11506,3,3,3,3,3
11511,5,5,5,5,5
11515,1,1,1,2,2
11518,0,1,1,1,1
11521,2,2,2,2,2
11523,3,3,3,3,3
11524,2,2,2,2,2
11525,4,4,4,3,3
11528,1,1,1,2,2
11530,3,3,3,3,3
11531,3,3,3,3,3
11533,3,3,3,3,3
11535,4,4,4,3,3
11537,4,4,4,3,3
11538,3,3,3,2,2
11541,1,1,1,1,1
11548,4,4,4,4,4
11552,3,3,3,3,3
11558,2,2,2,2,2
11560,1,1,1,2,2
11566,1,1,1,2,2
11572,1,1,1,1,1
11573,5,5,5,4,4
11582,4,4,4,4,4
11586,3,3,3,2,2
11590,4,4,4,4,4
11591,2,2,2,2,2
11601,4,4,4,3,3
11611,3,3,3,2,2
11617,1,1,1,2,1
11619,4,4,4,3,3
11624,4,4,4,3,3
11626,6,6,6,6,6
11644,2,2,2,2,2
11652,0,1,1,1,1
11656,1,1,1,2,2
11658,3,3,3,2,2
11659,5,5,5,5,5
11663,3,3,3,3,3
11665,4,4,4,4,4
11683,4,5,5,4,4
11685,1,1,1,2,2
11691,3,3,3,3,3
11694,3,3,3,2,2
11698,1,1,1,2,2
11700,4,4,4,3,3
11703,3,3,3,3,3
11705,2,2,2,2,2
11710,4,4,4,3,3
11711,3,3,3,3,3
11714,1,1,1,2,2
11731,4,5,5,4,4
11732,0,1,1,1,1
11742,3,3,3,3,3
11744,4,4,4,3,3
11745,3,3,3,3,3
11749,2,2,2,3,3
11756,3,3,3,4,4
11761,1,1,1,1,1
11762,4,4,4,4,4
11766,5,5,5,5,5
11767,7,7,7,7,7
11769,3,3,3,3,3
11770,4,4,4,3,3
11771,4,4,4,4,4
11777,3,3,3,3,3
11778,5,5,5,5,5
11779,1,1,1,2,2
11788,2,1,1,2,2
11790,4,4,4,3,3
11794,4,4,4,3,3
11801,4,4,4,3,3
11807,1,1,1,2,2
11812,4,4,4,4,4
11817,2,1,1,2,2
11818,3,3,3,3,3
11825,2,1,1,2,2
11828,4,4,4,4,4
11833,5,5,5,4,4
11837,5,5,5,5,5
11838,1,1,1,1,1
11842,2,1,1,2,2
11853,4,4,4,4,4
11857,5,5,5,4,4
11858,2,1,1,1,1
11860,5,5,5,5,5
11867,4,4,4,3,3
11868,5,5,5,5,5
11871,4,4,4,4,4
11875,4,4,4,3,3
11881,6,6,6,6,6
11890,2,1,1,2,2
11892,4,5,5,4,4
11894,3,3,3,2,2
11896,4,5,5,4,4
11903,4,4,4,3,3
11905,4,4,4,3,3
11907,3,3,3,3,3
11909,6,6,6,7,7
11911,3,3,3,3,3
11915,1,1,1,2,2
11918,3,2,2,1,1
11920,5,5,5,5,5
11923,4,4,4,4,4
11924,3,3,3,3,3
11926,2,2,2,2,2
11931,4,4,4,3,3
11933,4,5,5,4,4
11940,4,5,5,4,4
11951,3,3,3,3,3
11953,3,3,3,3,3
11973,2,1,1,2,2
11984,1,1,1,2,2
11985,1,1,1,2,2
11991,2,2,2,2,2
12002,3,3,3,3,3
12006,3,3,3,3,3
12008,5,5,5,4,4
12013,1,1,1,2,2
12015,4,4,4,3,3
12016,5,5,5,4,4
12023,1,1,1,2,2
12029,2,1,1,2,2
12036,1,1,1,2,2
12038,3,3,3,3,3
12041,2,2,2,2,2
12049,4,4,4,3,3
12050,1,1,1,2,2
12054,3,3,3,3,3
12060,3,3,3,3,3
12062,5,6,6,6,6
12065,3,2,2,2,2
12079,1,1,1,2,2
12083,6,6,6,6,6
12090,5,5,5,4,4
12091,4,4,4,3,3
12094,4,4,4,4,4
12099,4,4,4,3,3
12101,3,3,3,3,3
12110,3,3,3,3,3
12116,5,5,5,6,6
12122,4,4,4,3,3
12127,6,6,6,7,6
12133,4,4,4,3,3
12142,2,1,1,2,2
12147,4,4,4,4,4
12156,2,2,2,2,2
12157,5,5,5,5,5
12158,5,5,5,5,5
12161,4,4,4,4,4
12163,4,4,4,4,4
12166,2,3,3,2,2
12170,1,1,1,1,1
12174,5,5,5,5,5
12183,2,1,1,2,2
12188,2,1,1,2,2
12189,5,5,5,4,4
12192,3,3,3,2,2
12201,4,3,3,3,3
12204,0,1,1,1,1
12207,0,1,1,1,1
12208,2,2,2,2,2
12209,4,4,4,3,3
12210,6,6,6,7,7
12217,3,3,3,2,2
12227,2,1,1,2,2
12231,4,4,4,3,3
12232,4,4,4,3,3
12239,5,5,5,5,5
12240,2,2,2,2,2
12251,3,3,3,3,3
12256,4,4,4,4,4
12261,1,1,1,1,1
12263,3,2,2,2,2
12266,0,1,1,1,1
12267,3,3,3,3,3
12268,4,4,4,3,3
12279,5,5,5,5,5
12280,3,2,2,1,1
12283,3,3,3,2,2
12284,1,1,1,1,1
12285,6,6,6,6,6
12286,5,5,5,5,5
12292,5,5,5,4,4
12295,2,1,1,2,2
12301,4,4,4,3,3
12314,2,2,2,2,2
12315,1,1,1,1,1
12318,1,1,1,2,2
12332,5,5,5,5,5
12334,2,1,1,2,2
12337,4,4,4,3,3
12338,5,5,5,5,5
12349,5,5,5,5,5
12350,4,4,4,3,3
12359,5,5,5,5,5
12360,5,5,5,5,5
12373,4,5,5,4,4
12374,1,1,1,2,2
12380,4,4,4,3,3
12382,3,3,3,3,3
12383,3,3,3,3,3
12390,4,4,4,3,3
12398,4,4,4,4,4
12405,4,4,4,3,3
12407,3,3,3,3,3
12410,6,6,6,6,5
12418,6,6,6,6,6
12421,4,4,4,5,5
12422,3,3,3,3,3
12439,1,1,1,2,2
12444,4,4,4,4,4
12463,5,5,5,5,5
12465,1,1,1,1,1
12470,4,4,4,4,4
12471,4,4,4,3,3
12480,4,4,4,4,4
12482,4,4,4,4,4
12484,3,3,3,3,3
12487,4,4,4,4,4
12491,4,4,4,2,2
12503,4,4,4,4,4
12507,2,1,1,2,2
12526,2,2,2,2,2
12533,3,3,3,3,3
12540,1,1,1,2,2
12543,2,2,2,2,2
12552,1,1,1,2,2
12555,5,6,6,6,6
12556,4,4,4,4,4
12570,4,4,4,4,4
12579,3,3,3,2,2
12588,2,2,2,2,2
12600,2,2,2,2,2
12615,5,5,5,5,5
12624,4,4,4,3,3
12629,1,1,1,2,2
12634,2,2,2,1,1
12638,1,1,1,2,2
12646,3,3,3,3,3
12650,1,1,1,1,1
12665,2,2,2,3,3
12674,3,3,3,3,3
12676,1,1,1,1,1
12678,2,3,3,2,2
12685,3,3,3,3,3
12690,3,3,3,3,3
12698,4,4,4,4,4
12702,4,4,4,4,4
12704,3,3,3,3,3
12705,2,3,3,3,3
12710,4,4,4,3,3
12715,5,5,5,5,5
12720,3,3,3,3,3
12734,2,2,2,3,3
12744,4,4,4,3,3
12747,1,1,1,2,2
12757,5,5,5,5,5
12758,2,2,2,2,2
12766,1,1,1,2,2
12782,3,3,3,2,2
12787,1,1,1,2,2
12799,2,2,2,2,2
12804,5,5,5,4,4
12809,3,3,3,2,2
12813,3,3,3,3,3
12816,3,2,2,3,3
12821,4,4,4,4,4
12826,3,3,3,2,2
12831,4,4,4,3,3
12832,4,3,3,4,4
12833,3,3,3,3,3
12835,4,4,4,3,3
12842,1,1,1,2,2
12844,4,4,4,3,3
12847,1,1,1,1,1
12852,3,3,3,3,3
12856,4,4,4,3,3
12857,3,3,3,3,3
12858,6,6,6,6,6
12861,3,3,3,3,3
12869,4,4,4,3,3
12876,4,4,4,4,4
12877,2,1,1,2,2
12879,3,3,3,3,3
12882,4,4,4,3,3
12883,5,4,4,4,4
12887,2,2,2,2,2
12889,4,4,4,3,3
12891,5,6,6,5,5
12894,4,4,4,3,3
12895,1,1,1,2,2
12899,2,2,2,2,2
12905,6,7,7,7,7
12913,2,1,1,2,2
12916,1,1,1,2,2
12917,3,3,3,3,3
12925,4,3,3,3,3
12934,5,5,5,5,5
12939,4,4,4,5,5
12943,2,2,2,2,2
12950,5,5,5,5,5
12961,-1,1,1,1,1
12963,3,3,3,3,3
12973,2,2,2,3,3
12979,4,4,4,3,3
12980,1,1,1,1,1
12981,1,1,1,2,2
12982,2,2,2,2,2
12992,3,2,2,2,2
12994,1,1,1,2,2
12999,3,2,2,2,2
13002,4,4,4,3,3
13004,1,1,1,2,2
13010,3,3,3,4,4
13013,3,3,3,2,2
13015,4,4,4,4,4
13019,5,5,5,4,4
13030,2,2,2,2,2
13031,5,5,5,5,5
13036,3,3,3,3,3
13037,5,5,5,5,5
13042,2,2,2,2,2
13054,2,2,2,2,2
13060,2,2,2,2,2
13072,3,2,2,1,1
13073,3,3,3,3,3
13079,5,5,5,5,5
13081,1,1,1,2,2
13086,3,3,3,3,3
13087,4,4,4,3,3
13090,1,1,1,2,2
13098,3,3,3,3,3
13100,3,3,3,3,3
13105,1,1,1,2,2
13106,3,3,3,3,3
13107,4,4,4,3,3
13113,6,6,6,7,7
13115,5,5,5,5,5
13117,1,1,1,2,2
13118,3,3,3,3,3
13121,1,1,1,1,1
13137,2,2,2,2,2
13146,1,1,1,2,2
13150,5,5,5,5,5
13151,4,4,4,3,3
13152,3,3,3,3,3
13156,4,4,4,3,3
13165,5,5,5,5,5
13169,4,4,4,3,3
13178,4,4,4,3,3
13180,4,4,4,4,4
13183,4,4,4,4,4
13184,1,1,1,0,1
13188,4,4,4,3,3
13191,4,4,4,3,3
13196,1,1,1,2,2
13203,4,3,3,3,3
13206,2,2,2,3,3
13211,5,5,5,4,4
13219,2,2,2,2,2
13223,5,6,6,6,6
13226,4,4,4,3,3
13228,2,3,3,2,2
13230,4,4,4,4,4
13240,4,4,4,4,4
13249,5,5,5,5,5
13250,1,1,1,2,2
13256,4,4,4,3,3
13261,2,1,1,2,2
13263,2,2,2,2,2
13268,4,4,4,4,4
13275,2,1,1,2,2
13277,5,5,5,5,5
13283,4,4,4,4,4
13284,1,1,1,2,2
13285,3,3,3,3,3
13286,4,4,4,4,4
13287,1,1,1,2,2
13290,3,3,3,3,3
13291,2,1,1,2,2
13294,5,5,5,5,5
13295,3,3,3,2,2
13303,3,3,3,3,3
13306,0,1,1,1,1
13311,5,5,5,4,4
13322,1,1,1,2,2
13331,1,1,1,2,2
13337,5,5,5,4,4
13344,2,1,1,2,2
13362,5,5,5,4,4
13364,2,2,2,2,2
13366,2,1,1,2,2
13368,4,3,3,3,3
13370,2,2,2,2,2
13377,5,5,5,5,5
13378,2,2,2,2,2
13388,0,1,1,1,1
13392,4,5,5,4,4
13398,4,4,4,4,4
13403,4,5,5,3,3
13404,4,4,4,4,4
13409,4,4,4,3,3
13416,2,2,2,2,2
13422,0,1,1,1,1
13427,4,4,4,3,3
13433,5,5,5,5,5
13438,3,3,3,2,2
13441,5,5,5,5,5
13449,5,5,5,5,5
13450,3,3,3,3,4
13453,2,2,2,2,2
13460,3,3,3,3,3
13461,4,5,5,4,4
13465,4,4,4,3,3
13468,2,2,2,2,2
13481,4,4,4,3,3
13485,2,2,2,2,2
13487,5,5,5,5,5
13490,4,4,4,3,3
13493,3,3,3,3,3
13497,2,2,2,2,2
13508,2,2,2,2,2
13516,1,1,1,1,1
13525,3,2,2,1,1
13533,5,5,5,4,4
13535,2,1,1,2,2
13538,4,4,4,3,3
13545,3,3,3,3,3
13566,4,3,3,3,3
13581,3,3,3,3,3
13584,1,1,1,2,2
13588,2,2,2,3,3
13596,3,3,3,3,3
13600,6,6,6,6,6
13604,4,4,4,3,3
13608,3,3,3,3,3
13611,3,3,3,3,3
13612,1,1,1,2,2
13615,4,4,4,3,3
13616,4,4,4,4,4
13618,4,4,4,3,3
13625,1,1,1,2,2
13628,4,3,3,3,3
13629,1,1,1,1,1
13630,5,5,5,5,5
13633,3,3,3,3,3
13637,4,4,4,4,4
13640,1,1,1,2,2
13641,3,3,3,3,3
13651,4,4,4,4,4
13674,4,4,4,3,3
13684,4,4,4,3,3
13690,2,2,2,2,2
13707,4,4,4,3,3
13709,5,5,5,5,5
13710,4,4,4,3,3
13713,5,5,5,4,4
13724,3,2,2,2,2
13725,2,2,2,2,2
13731,2,2,2,2,2
13736,2,2,2,2,2
13740,2,2,2,2,2
13745,5,6,6,6,6
13748,1,1,1,2,2
13751,1,1,1,2,2
13758,1,1,1,2,2
13762,1,1,1,1,1
13764,5,5,5,4,4
13765,2,1,1,2,2
13769,2,2,2,2,2
13770,2,2,2,2,2
13774,5,5,5,5,5
13787,3,3,3,2,2
13791,2,2,2,1,1
13802,2,2,2,2,2
13807,3,3,3,3,3
13808,2,2,2,2,2
13809,2,1,1,2,2
13810,4,4,4,3,3
13822,4,3,3,5,5
13823,3,3,3,3,3
13825,4,4,4,3,3
13826,1,1,1,2,2
13833,3,3,3,2,2
13837,3,3,3,2,2
13842,3,3,3,3,3
13846,3,2,2,1,1
13852,4,3,3,5,5
13853,0,1,1,1,1
13858,1,1,1,1,1
13860,2,1,1,2,2
13866,2,1,1,2,2
13886,1,1,1,2,2
13887,1,1,1,1,1
13890,4,4,4,4,4
13891,4,3,3,3,3
13893,2,2,2,2,2
13902,5,6,6,6,6
13903,2,1,1,2,2
13908,3,2,2,1,1
13912,2,2,2,2,2
13924,2,1,1,2,2
13928,3,3,3,3,3
13929,3,3,3,3,3
13938,4,4,4,4,4
13939,2,2,2,2,2
13941,5,5,5,5,5
13951,2,2,2,1,1
13962,0,1,1,1,1
13964,2,2,2,2,2
13967,3,3,3,3,3
13971,4,4,4,3,3
13972,4,4,4,4,4
13975,1,1,1,1,1
13977,2,3,3,3,3
13979,4,4,4,4,4
13983,1,1,1,2,2
13984,3,2,2,1,1
13987,1,1,1,2,2
13994,5,5,5,4,4
13999,3,3,3,3,3
14003,5,6,6,4,4
14008,4,5,5,4,4
14011,4,4,4,2,3
14012,2,2,2,2,2
14016,3,3,3,3,3
14017,3,3,3,3,3
14020,1,1,1,2,2
14027,2,2,2,2,2
14038,3,4,4,3,3
14040,5,5,5,5,5
14042,2,2,2,2,2
14055,2,2,2,2,2
14057,4,4,4,4,4
14060,2,1,1,2,2
14081,1,1,1,2,2
14091,4,4,4,3,3
14111,4,3,3,3,3
14117,5,5,5,5,5
14121,4,4,4,3,3
14122,5,5,5,5,5
14125,2,1,1,2,2
14129,1,1,1,2,2
14135,0,1,1,1,1
14148,2,2,2,2,2
14157,4,4,4,3,3
14161,1,1,1,2,2
14163,2,1,1,2,2
14172,4,4,4,3,3
14180,2,2,2,2,2
14182,4,5,5,4,4
14188,2,2,2,2,2
14191,3,3,3,3,3
14201,6,6,6,6,6
14202,4,4,4,3,3
14213,4,4,4,3,3
14220,1,1,1,2,2
14224,2,2,2,2,2
14231,1,1,1,2,2
14241,5,5,5,5,5
14243,4,4,4,4,4
14245,3,2,2,3,3
14247,2,2,2,2,2
14248,3,3,3,3,3
14252,3,3,3,3,3
14254,4,4,4,4,4
14260,4,3,3,3,3
14269,4,4,4,3,3
14272,2,1,1,2,2
14274,4,3,3,3,3
14279,3,3,3,3,3
14280,5,5,5,5,5
14290,4,4,4,3,3
14298,6,7,7,7,7
14308,5,5,5,4,4
14313,4,4,4,3,4
14316,4,4,4,3,3
14319,5,5,5,5,5
14322,1,1,1,2,2
14323,3,3,3,2,2
14325,5,5,5,6,6
14337,4,4,4,4,4
14339,4,4,4,4,4
14341,3,3,3,3,3
14342,5,4,4,5,5
14346,6,6,6,6,6
14351,4,4,4,3,3
14354,1,1,1,2,2
14355,1,1,1,2,2
14358,6,6,6,6,6
14359,1,1,1,1,1
14364,4,4,4,3,3
14374,1,1,1,1,1
14376,2,2,2,2,2
14382,3,3,3,3,3
14384,3,3,3,3,3
14393,1,1,1,2,2
14398,3,3,3,3,3
14403,4,4,4,4,4
14406,1,1,1,1,1
14408,4,4,4,3,3
14411,2,2,2,2,2
14414,4,4,4,4,4
14418,2,2,2,2,2
14423,4,4,4,3,3
14442,4,4,4,4,4
14443,4,4,4,4,4
14444,3,3,3,3,3
14446,4,4,4,3,3
14455,3,3,3,3,3
14456,5,5,5,4,4
14458,4,4,4,3,3
14464,4,4,4,3,3
14466,5,4,4,5,5
14467,3,3,3,3,3
14469,4,3,3,3,3
14483,2,1,1,2,2
14484,3,3,3,3,3
14490,3,3,3,3,3
14491,3,2,2,2,2
14494,3,3,3,3,3
14496,4,4,4,4,4
14503,1,1,1,2,2
14504,3,3,3,3,3
14505,3,3,3,3,3
14506,1,1,1,2,2
14507,1,1,1,2,2
14512,1,1,1,2,2
14520,4,5,5,4,4
14527,2,2,2,2,2
14531,5,5,5,5,5
14532,1,1,1,2,2
14535,2,2,2,2,2
14543,1,1,1,2,2
14554,4,4,4,3,3
14556,6,6,6,6,6
14557,4,4,4,3,3
14561,2,2,2,2,2
14562,4,4,4,3,3
14567,0,1,1,1,1
14568,1,1,1,1,1
14574,4,4,4,3,3
14575,3,3,3,3,3
14579,3,3,3,3,3
14581,4,4,4,3,3
14582,2,2,2,2,2
14586,1,1,1,2,2
14591,3,3,3,3,3
14598,3,3,3,3,3
14599,3,3,3,3,3
14600,1,1,1,1,1
14612,5,5,5,5,5
14613,1,1,1,2,2
14624,4,4,4,5,5
14626,3,3,3,3,3
14630,5,5,5,4,4
14633,3,2,2,2,2
14639,3,3,3,3,3
14642,3,3,3,2,2
14643,5,5,5,4,4
14649,3,2,2,2,2
14650,2,1,1,2,2
14653,2,2,2,2,2
14655,2,2,2,2,2
14656,2,2,2,2,2
14662,4,4,4,3,3
14663,2,2,2,2,2
14673,3,3,3,3,3
14674,2,2,2,2,2
14676,4,4,4,3,3
14682,1,1,1,2,2
14685,5,5,5,5,5
14689,3,3,3,3,3
14693,3,3,3,3,3
14697,3,3,3,3,3
14700,3,3,3,3,3
14704,2,1,1,2,2
14710,4,4,4,3,3
14719,3,3,3,2,2
14724,4,5,5,4,4
14728,4,4,4,5,5
14735,3,3,3,2,2
14736,2,2,2,2,2
14741,2,1,1,2,2
14744,2,2,2,1,1
14753,1,1,1,2,2
14756,4,4,4,4,4
14762,5,5,5,5,5
14765,5,5,5,5,5
14783,5,5,5,5,5
14784,2,2,2,2,2
14786,1,1,1,1,1
14790,1,1,1,1,1
14793,3,3,3,3,3
14796,6,6,6,6,6
14801,2,2,2,2,2
14807,1,1,1,2,2
14812,4,4,4,4,4
14815,5,5,5,5,5
14831,5,5,5,4,4
14833,6,6,6,6,6
14836,6,6,6,6,6
14856,4,4,4,4,4
14859,3,3,3,3,3
14861,3,3,3,3,3
14863,-1,1,1,1,1
14865,2,1,1,2,2
14880,1,1,1,2,2
14881,4,4,4,3,3
14883,1,1,1,2,2
14884,4,4,4,5,5
14894,4,4,4,3,3
14896,4,4,4,4,4
14899,4,3,3,3,3
14900,4,3,3,3,3
14901,2,1,1,2,2
14906,4,4,4,3,3
14907,1,1,1,2,2
14915,5,5,5,5,5
14919,2,2,2,2,2
14926,5,5,5,6,6
14927,2,2,2,2,2
14933,3,3,3,2,2
14937,3,3,3,3,3
14939,3,3,3,3,3
14940,2,1,1,2,2
14943,1,1,1,2,2
14953,4,4,4,3,3
14954,2,2,2,2,2
14969,4,4,4,3,3
14999,6,7,7,7,7
15008,4,4,4,3,3
15009,4,4,4,3,3
15018,4,5,5,3,3
15023,4,4,4,3,3
15025,1,1,1,2,2
15034,4,4,4,4,4
15036,5,4,4,4,4
15051,2,2,2,2,2
15052,4,3,3,3,3
15064,3,3,3,2,2
15070,3,4,4,3,3
15074,4,4,4,3,3
15077,4,5,5,4,4
15081,4,4,4,3,3
15086,5,5,5,5,5
15093,1,1,1,1,1
15094,2,1,1,2,2
15103,2,2,2,2,2
15104,1,1,1,1,1
15110,2,1,1,2,2
15112,2,2,2,2,2
15115,5,5,5,4,4
15131,1,1,1,2,2
15139,3,3,3,2,2
15141,3,3,3,3,3
15148,1,1,1,1,1
15154,5,6,6,6,5
15156,4,3,3,3,3
15161,2,1,1,1,1
15167,3,3,3,2,2
15178,4,4,4,4,4
15205,5,4,4,4,4
15207,2,2,2,2,2
15222,4,4,4,3,3
15223,4,4,4,5,5
15225,4,4,4,4,4
15228,4,4,4,3,3
15239,2,2,2,2,2
15241,1,1,1,2,2
15246,1,1,1,2,2
15247,1,1,1,2,2
15249,3,3,3,3,3
15255,4,4,4,3,3
15257,1,1,1,2,2
15267,2,1,1,2,2
15277,3,3,3,2,2
15280,5,5,5,5,5
15289,4,4,4,3,3
15297,2,1,1,2,2
15302,1,1,1,2,2
15304,1,1,1,1,1
15312,1,1,1,2,2
15321,-1,1,1,1,1
15325,1,1,1,2,2
15326,4,4,4,4,4
15333,4,4,4,5,5
15337,1,1,1,2,2
15338,4,4,4,3,3
15340,5,5,5,3,3
15342,2,2,2,2,2
15344,4,3,3,3,3
15347,1,1,1,2,2
15349,5,5,5,5,5
15355,3,3,3,3,3
15359,1,1,1,2,2
15366,1,1,1,1,1
15367,0,1,1,1,1
15368,1,1,1,2,2
15369,4,4,4,4,4
15380,4,4,4,3,3
15381,3,3,3,3,3
15387,0,1,1,1,1
15388,3,3,3,3,3
15389,2,1,1,1,1
15392,2,1,1,2,2
15400,3,3,3,3,3
15405,3,3,3,3,3
15407,4,4,4,3,3
15408,6,6,6,7,7
15411,3,3,3,3,3
15413,4,4,4,4,4
15418,5,5,5,5,5
15419,5,5,5,5,5
15421,3,3,3,3,3
15425,3,3,3,3,3
15436,4,4,4,3,3
15438,4,4,4,4,4
15440,4,4,4,4,4
15443,4,4,4,3,3
15460,3,3,3,3,3
15464,1,1,1,2,2
15465,3,3,3,3,3
15473,2,1,1,2,2
15475,3,3,3,2,2
15483,2,1,1,2,2
15494,5,5,5,5,5
15495,6,6,6,7,6
15498,4,4,4,3,3
15499,3,3,3,3,3
15500,1,1,1,2,2
15501,1,1,1,1,1
15510,2,2,2,2,2
15512,2,2,2,2,2
15516,2,2,2,2,2
15518,5,5,5,5,5
15519,4,4,4,3,3
15524,3,3,3,3,3
15527,1,1,1,2,2
15529,2,1,1,2,2
15530,2,1,1,2,2
15538,1,1,1,1,1
15539,3,3,3,3,3
15541,1,1,1,1,1
15546,1,1,1,2,2
15547,3,3,3,3,3
15548,2,2,2,2,2
15552,2,2,2,2,2
15556,5,5,5,5,5
15567,3,3,3,2,2
15572,3,2,2,3,3
15573,3,2,2,5,5
15574,4,4,4,3,3
15577,1,1,1,1,1
15579,4,4,4,3,3
15581,2,2,2,2,2
15589,1,1,1,2,2
15596,2,2,2,2,2
15598,5,5,5,5,5
15599,4,4,4,4,4
15605,5,6,6,6,6
15606,5,5,5,4,4
15608,4,4,4,3,3
15616,4,5,5,4,4
15618,1,1,1,2,2
15621,1,1,1,2,2
15626,1,1,1,2,2
15638,3,3,3,3,3
15639,2,2,2,2,2
15642,2,2,2,2,2
15644,3,3,3,3,3
15646,4,3,3,6,5
15649,4,4,4,2,2
15656,1,1,1,2,2
15659,1,1,1,1,1
15680,1,1,1,2,2
15686,4,4,4,4,4
15693,2,2,2,2,2
15697,5,5,5,5,5
15699,5,5,5,5,5
15701,4,5,5,4,4
15705,2,1,1,2,2
15714,3,3,3,3,3
15722,4,4,4,4,4
15728,4,4,4,3,3
15734,4,3,3,3,3
15752,2,2,2,2,2
15756,4,4,4,3,3
15760,4,4,4,4,4
15762,4,5,5,4,4
15767,4,4,4,3,3
15768,1,1,1,2,2
15773,5,5,5,5,5
15774,4,4,4,3,3
15781,3,3,3,3,3
15782,3,3,3,3,3
15784,7,7,7,7,7
15791,3,3,3,2,2
15796,4,4,4,4,4
15798,5,5,5,5,5
15806,1,1,1,2,2
15814,1,1,1,2,2
15819,3,3,3,3,3
15825,4,4,4,3,3
15826,4,4,4,4,4
15831,4,4,4,4,4
15835,6,6,6,6,6
15836,1,1,1,2,2
15839,5,5,5,5,5
15845,3,3,3,3,3
15858,1,1,1,2,2
15859,4,4,4,3,3
15876,4,4,4,4,4
15878,5,5,5,4,4
15880,2,2,2,2,2
15886,5,5,5,4,4
15888,3,2,2,2,2
15891,3,3,3,3,3
15900,2,2,2,2,2
15902,4,4,4,4,4
15904,3,3,3,3,3
15908,2,2,2,2,2
15910,1,1,1,2,2
15917,4,4,4,4,4
15919,5,5,5,5,5
15924,3,3,3,3,3
15927,3,3,3,3,3
15937,1,1,1,2,2
15946,4,3,3,3,3
15949,3,3,3,2,2
15957,5,4,4,4,4
15961,4,4,4,4,4
15964,2,2,2,2,2
15965,4,3,3,3,3
15966,2,1,1,2,2
15978,1,1,1,2,2
15983,2,2,2,2,2
15987,3,2,2,2,2
15988,3,3,3,3,3
15998,3,3,3,3,3
16004,3,3,3,3,3
16008,4,4,4,3,3
16011,2,1,1,2,2
16023,3,3,3,3,3
16024,3,2,2,3,3
16025,3,3,3,3,3
16048,5,5,5,4,4
16050,3,3,3,3,3
16051,1,1,1,2,2
16057,2,1,1,2,2
16059,5,5,5,5,5
16060,4,4,4,3,3
16075,5,5,5,4,4
16094,5,5,5,6,6
16096,5,5,5,5,5
16116,1,1,1,2,2
16118,2,1,1,2,2
16121,3,3,3,2,2
16122,4,4,4,3,3
16124,6,5,5,6,6
16125,4,4,4,3,3
16126,3,3,3,3,3
16130,4,4,4,4,4
